Workbook

Sheet Tabella
A1: # | B1: ID | C1: Area / Fase | D1: Descrizione rischio | E1: P | F1: I | G1: P×I | H1: Livello inerente | I1: Controlli | J1: Pr | K1: Ir | L1: Pr×Ir | M1: Livello residuo | N1: OPZIONE DI TRATTAMENTO | O1: KRI | P1: Piano di trattamento | Q1: Owner | R1: Frequenza revisione | S1: Stato
A2: 1 | B2: DEV-CHANGE-INTEGRITY_ISO | C2: Progettazione e sviluppo | D2: Rischio di modifica non controllata di codice per errore involontario, intenzionale o mancata verifica di provenienza e integrità, con possibile introduzione di difetti, backdoor, incoerenze tra versioni o compromissione dell'integrità del sistema rilasciato. | E2: 3 | F2: 4 | G2: =E2*F2 -> 12 | H2: =IFERROR(IF(G2>=16,"Critico",IF(G2>=10,"Alto",IF(G2>=5,"Medio","Basso"))),"") -> Alto | I2: Codice, modelli, dataset e configurazioni sono gestiti con versionamento e il rilascio segue una procedura che prevede test, backup e possibilità di rollback. Ogni modello rilasciato è identificato tramite hash per verificarne l'integrità e viene provato in ambiente di collaudo prima della distribuzione. | J2: =IFERROR(INDEX('Rischio residuo'!$I$2:$I$32,MATCH($A2,'Rischio residuo'!$A$2:$A$32,0)),"") -> 1 | K2: =IFERROR(INDEX('Rischio residuo'!$J$2:$J$32,MATCH($A2,'Rischio residuo'!$A$2:$A$32,0)),"") -> 4 | L2: =J2*K2 -> 4 | M2: =IFERROR(IF(L2>=16,"Critico",IF(L2>=10,"Alto",IF(L2>=5,"Medio","Basso"))),"") -> Basso | N2: =IF($M2="","",IF($M2="Basso","Accettazione",IF(IFERROR(INDEX('Rischio residuo'!$F$2:$F$32,MATCH($A2,'Rischio residuo'!$A$2:$A$32,0)),0)=0,"Trasferimento","Mitigazione"))) -> Accettazione | Q2: AI Engineer | R2: Ogni rilascio | S2: =IF($N2="","",IF($N2="Accettazione","CHIUSO",IF($N2="Trasferimento","APERTO","MONITORATO"))) -> CHIUSO
A3: 2 | B3: DEV-SCALABILITY-LATENCY | C3: Progettazione e sviluppo | D3: Rischio di limiti di scalabilità, capacità computazionale o latenza incompatibili con il funzionamento atteso, con possibile degrado delle prestazioni, rallentamento dell'elaborazione o mancato rispetto dei requisiti operativi. | E3: 2 | F3: 2 | G3: =E3*F3 -> 4 | H3: =IFERROR(IF(G3>=16,"Critico",IF(G3>=10,"Alto",IF(G3>=5,"Medio","Basso"))),"") -> Basso | I3: L'architettura Edge+Core distribuisce l'elaborazione in locale, riducendo il carico sul componente centrale; dopo ogni rilascio le prestazioni e la latenza del sistema sono monitorate e verificate. | J3: =IFERROR(INDEX('Rischio residuo'!$I$2:$I$32,MATCH($A3,'Rischio residuo'!$A$2:$A$32,0)),"") -> 1 | K3: =IFERROR(INDEX('Rischio residuo'!$J$2:$J$32,MATCH($A3,'Rischio residuo'!$A$2:$A$32,0)),"") -> 2 | L3: =J3*K3 -> 2 | M3: =IFERROR(IF(L3>=16,"Critico",IF(L3>=10,"Alto",IF(L3>=5,"Medio","Basso"))),"") -> Basso | N3: =IF($M3="","",IF($M3="Basso","Accettazione",IF(IFERROR(INDEX('Rischio residuo'!$F$2:$F$32,MATCH($A3,'Rischio residuo'!$A$2:$A$32,0)),0)=0,"Trasferimento","Mitigazione"))) -> Accettazione | Q3: Responsabile informatico | R3: Trimestrale | S3: =IF($N3="","",IF($N3="Accettazione","CHIUSO",IF($N3="Trasferimento","APERTO","MONITORATO"))) -> CHIUSO
A4: 3 | B4: DATA-DATASET-POISONING | C4: Dati, addestramento e validazione | D4: Rischio di inserimento intenzionale di dati manipolati, data poisoning o backdoor nel dataset, con possibile alterazione del comportamento del modello o riduzione della sua accuratezza e affidabilità. | E4: 2 | F4: 4 | G4: =E4*F4 -> 8 | H4: =IFERROR(IF(G4>=16,"Critico",IF(G4>=10,"Alto",IF(G4>=5,"Medio","Basso"))),"") -> Medio | I4: Il retraining non è automatico: ogni aggiornamento del modello è subordinato a una verifica umana. Le immagini utilizzate sono selezionate, annotate e tracciate, con metadati che ne documentano origine ed esiti. | J4: =IFERROR(INDEX('Rischio residuo'!$I$2:$I$32,MATCH($A4,'Rischio residuo'!$A$2:$A$32,0)),"") -> 1 | K4: =IFERROR(INDEX('Rischio residuo'!$J$2:$J$32,MATCH($A4,'Rischio residuo'!$A$2:$A$32,0)),"") -> 4 | L4: =J4*K4 -> 4 | M4: =IFERROR(IF(L4>=16,"Critico",IF(L4>=10,"Alto",IF(L4>=5,"Medio","Basso"))),"") -> Basso | N4: =IF($M4="","",IF($M4="Basso","Accettazione",IF(IFERROR(INDEX('Rischio residuo'!$F$2:$F$32,MATCH($A4,'Rischio residuo'!$A$2:$A$32,0)),0)=0,"Trasferimento","Mitigazione"))) -> Accettazione | Q4: AI Engineer + Responsabile informatico | R4: Ogni rilascio | S4: =IF($N4="","",IF($N4="Accettazione","CHIUSO",IF($N4="Trasferimento","APERTO","MONITORATO"))) -> CHIUSO
A5: 4 | B5: DATA-QUALITY-VALIDATION | C5: Dati, addestramento e validazione | D5: Rischio di dataset di addestramento, validazione o test non adeguati, non rappresentativi, sbilanciati o contenenti errori, oppure di errori nella progettazione, nell'addestramento, nella validazione o nella selezione del modello, con possibile riduzione dell'accuratezza, della robustezza o della capacità di generalizzazione. | E5: 4 | F5: 3 | G5: =E5*F5 -> 12 | H5: =IFERROR(IF(G5>=16,"Critico",IF(G5>=10,"Alto",IF(G5>=5,"Medio","Basso"))),"") -> Alto | I5: Il dataset è costruito a partire da fonti diverse e riequilibrato con apposite tecniche; le prestazioni del modello sono validate su un dataset di test e il rilascio avviene solo al raggiungimento delle prestazioni minime attese. | J5: =IFERROR(INDEX('Rischio residuo'!$I$2:$I$32,MATCH($A5,'Rischio residuo'!$A$2:$A$32,0)),"") -> 2 | K5: =IFERROR(INDEX('Rischio residuo'!$J$2:$J$32,MATCH($A5,'Rischio residuo'!$A$2:$A$32,0)),"") -> 3 | L5: =J5*K5 -> 6 | M5: =IFERROR(IF(L5>=16,"Critico",IF(L5>=10,"Alto",IF(L5>=5,"Medio","Basso"))),"") -> Medio | N5: =IF($M5="","",IF($M5="Basso","Accettazione",IF(IFERROR(INDEX('Rischio residuo'!$F$2:$F$32,MATCH($A5,'Rischio residuo'!$A$2:$A$32,0)),0)=0,"Trasferimento","Mitigazione"))) -> Mitigazione | O5: I. Recall DPI < 0,70 oppure mAP50 DPI < 0,75 oppure mAP95 < 0,45 su dataset di validazione. II. N. modelli candidati selezionati per il rilascio senza evidenza di validazione o senza rispetto delle soglie minime di accettazione > 0. | P5: I. Analizzare la composizione del dataset, integrare immagini mancanti o classi sottorappresentate, riequilibrare il dataset ed eseguire nuova validazione. II. Ripetere addestramento e validazione; confrontare i modelli candidati con le soglie minime e autorizzare il rilascio solo con evidenze documentate. | Q5: AI Engineer | R5: A ogni retraining | S5: =IF($N5="","",IF($N5="Accettazione","CHIUSO",IF($N5="Trasferimento","APERTO","MONITORATO"))) -> MONITORATO
A6: 5 | B6: IMP-SYSTEM-INTEGRATION-CONFIGURATION | C6: Implementazione tecnica e integrazione | D6: Rischio di errori durante l'installazione, configurazione, integrazione, manutenzione o aggiornamento di telecamere, dispositivi Edge, componente Core, soglie, filtri spaziali, interfacce e servizi di notifica, con possibile perdita o alterazione dei flussi, mancata elaborazione degli eventi, indisponibilità o funzionamento non conforme di ISaAC. | E6: 3 | F6: 3 | G6: =E6*F6 -> 9 | H6: =IFERROR(IF(G6>=16,"Critico",IF(G6>=10,"Alto",IF(G6>=5,"Medio","Basso"))),"") -> Medio | I6: Installazione e configurazione del sistema avvengono in modo controllato e il funzionamento è verificato con un collaudo funzionale prima della messa in esercizio; gli eventi di sistema sono registrati per consentire la ricostruzione di eventuali errori. | J6: =IFERROR(INDEX('Rischio residuo'!$I$2:$I$32,MATCH($A6,'Rischio residuo'!$A$2:$A$32,0)),"") -> 2 | K6: =IFERROR(INDEX('Rischio residuo'!$J$2:$J$32,MATCH($A6,'Rischio residuo'!$A$2:$A$32,0)),"") -> 3 | L6: =J6*K6 -> 6 | M6: =IFERROR(IF(L6>=16,"Critico",IF(L6>=10,"Alto",IF(L6>=5,"Medio","Basso"))),"") -> Medio | N6: =IF($M6="","",IF($M6="Basso","Accettazione",IF(IFERROR(INDEX('Rischio residuo'!$F$2:$F$32,MATCH($A6,'Rischio residuo'!$A$2:$A$32,0)),0)=0,"Trasferimento","Mitigazione"))) -> Mitigazione | O6: I. N. errori di configurazione, installazione o integrazione rilevati durante collaudo, aggiornamento o manutenzione > 0. | P6: I. Correggere configurazioni errate, ripetere il collaudo funzionale, aggiornare la documentazione tecnica e registrare l'esito della verifica. | Q6: AI Engineer | R6: Ogni 6 mesi | S6: =IF($N6="","",IF($N6="Accettazione","CHIUSO",IF($N6="Trasferimento","APERTO","MONITORATO"))) -> MONITORATO
A7: 6 | B7: DATA-LOSS | C7: Esercizio e manutenzione | D7: Rischio di cancellazione, corruzione o perdita non intenzionale di immagini, eventi, log, dataset, configurazioni o modelli e di mancato recupero tramite le procedure di backup e ripristino, con possibile perdita permanente delle informazioni, impossibilità di ricostruire le attività, degrado del servizio o prolungamento dell'indisponibilità di ISaAC. | E7: 2 | F7: 4 | G7: =E7*F7 -> 8 | H7: =IFERROR(IF(G7>=16,"Critico",IF(G7>=10,"Alto",IF(G7>=5,"Medio","Basso"))),"") -> Medio | I7: Sono eseguiti backup periodici e prima di ogni rilascio; dati e log sono archiviati in forma cifrata e sono definite procedure di ripristino da attivare in caso di necessità. | J7: =IFERROR(INDEX('Rischio residuo'!$I$2:$I$32,MATCH($A7,'Rischio residuo'!$A$2:$A$32,0)),"") -> 2 | K7: =IFERROR(INDEX('Rischio residuo'!$J$2:$J$32,MATCH($A7,'Rischio residuo'!$A$2:$A$32,0)),"") -> 2 | L7: =J7*K7 -> 4 | M7: =IFERROR(IF(L7>=16,"Critico",IF(L7>=10,"Alto",IF(L7>=5,"Medio","Basso"))),"") -> Basso | N7: =IF($M7="","",IF($M7="Basso","Accettazione",IF(IFERROR(INDEX('Rischio residuo'!$F$2:$F$32,MATCH($A7,'Rischio residuo'!$A$2:$A$32,0)),0)=0,"Trasferimento","Mitigazione"))) -> Accettazione | Q7: AI Engineer | R7: A ogni retraining | S7: =IF($N7="","",IF($N7="Accettazione","CHIUSO",IF($N7="Trasferimento","APERTO","MONITORATO"))) -> CHIUSO
A8: 7 | B8: OPS-PIPELINE-CAPACITY-FAILURE | C8: Esercizio e manutenzione | D8: Rischio di guasto, bug o malfunzionamento della pipeline applicativa, del sistema operativo, del firmware, delle librerie, del componente Core o del servizio di notifica, oppure di capacità elaborativa insufficiente, saturazione delle risorse o latenza eccessiva, con possibile mancata acquisizione o elaborazione dei flussi, perdita di eventi o ritardo nell'intervento umano. | E8: 3 | F8: 3 | G8: =E8*F8 -> 9 | H8: =IFERROR(IF(G8>=16,"Critico",IF(G8>=10,"Alto",IF(G8>=5,"Medio","Basso"))),"") -> Medio | I8: Gli errori applicativi sono registrati e il corretto funzionamento è verificato dopo ogni aggiornamento; prestazioni e tempi di elaborazione sono monitorati e le risorse possono essere adeguate in funzione del carico. | J8: =IFERROR(INDEX('Rischio residuo'!$I$2:$I$32,MATCH($A8,'Rischio residuo'!$A$2:$A$32,0)),"") -> 2 | K8: =IFERROR(INDEX('Rischio residuo'!$J$2:$J$32,MATCH($A8,'Rischio residuo'!$A$2:$A$32,0)),"") -> 3 | L8: =J8*K8 -> 6 | M8: =IFERROR(IF(L8>=16,"Critico",IF(L8>=10,"Alto",IF(L8>=5,"Medio","Basso"))),"") -> Medio | N8: =IF($M8="","",IF($M8="Basso","Accettazione",IF(IFERROR(INDEX('Rischio residuo'!$F$2:$F$32,MATCH($A8,'Rischio residuo'!$A$2:$A$32,0)),0)=0,"Trasferimento","Mitigazione"))) -> Mitigazione | O8: I. Worker, Core, servizio di notifica o componente pipeline in stato di errore per più di 5 minuti consecutivi. II. Tempo medio di elaborazione o consegna alert > 2× valore normale per più di 10 minuti consecutivi. | P8: I. Attivare alert tecnici sui componenti critici, analizzare i log, ripristinare il servizio e documentare causa e azione correttiva. II. Analizzare carico, risorse e log applicativi; ottimizzare configurazioni o potenziare risorse Edge/Core in caso di saturazione. | Q8: Responsabile informatico | R8: Ogni rilascio/manutenzione | S8: =IF($N8="","",IF($N8="Accettazione","CHIUSO",IF($N8="Trasferimento","APERTO","MONITORATO"))) -> MONITORATO
A9: 8 | B9: INF-OUT-OF-DISTRIBUTION_ISO | C9: Inferenza e monitoraggio | D9: Rischio di comparsa di oggetti, DPI o condizioni visive fuori distribuzione, con possibile generazione di errori di rilevamento o riduzione non prevista delle prestazioni. | E9: 3 | F9: 4 | G9: =E9*F9 -> 12 | H9: =IFERROR(IF(G9>=16,"Critico",IF(G9>=10,"Alto",IF(G9>=5,"Medio","Basso"))),"") -> Alto | I9: Il sistema opera con il modello di rilevamento in esercizio, con soglia minima di confidenza ≥0,40. Il dataset è composto da immagini raccolte in contesti differenti ed è attiva la raccolta di casi operativi da impiegare per il miglioramento del modello. | J9: =IFERROR(INDEX('Rischio residuo'!$I$2:$I$32,MATCH($A9,'Rischio residuo'!$A$2:$A$32,0)),"") -> 2 | K9: =IFERROR(INDEX('Rischio residuo'!$J$2:$J$32,MATCH($A9,'Rischio residuo'!$A$2:$A$32,0)),"") -> 4 | L9: =J9*K9 -> 8 | M9: =IFERROR(IF(L9>=16,"Critico",IF(L9>=10,"Alto",IF(L9>=5,"Medio","Basso"))),"") -> Medio | N9: =IF($M9="","",IF($M9="Basso","Accettazione",IF(IFERROR(INDEX('Rischio residuo'!$F$2:$F$32,MATCH($A9,'Rischio residuo'!$A$2:$A$32,0)),0)=0,"Trasferimento","Mitigazione"))) -> Mitigazione | O9: I. mAP50 DPI < 0,75 oppure Recall DPI < 0,70, misurati sul modello in esercizio su immagini relative a nuovi DPI, nuovi ambienti o nuove condizioni operative, oppure scostamento di mAP50 o Recall superiore al 10% rispetto alla versione del modello precedentemente approvata e registrata. II. N. rilevamenti con confidenza compresa tra 0,40 e 0,70 riferiti a condizioni non rappresentate nel dataset di addestramento > 0 nel campione mensile verificato. | P9: I. Raccogliere immagini delle nuove condizioni operative, inserirle nel dataset ed eseguire fine-tuning e nuova validazione; confrontare le prestazioni con la baseline della versione del modello approvata (vedi Fascicolo Tecnico, Cap. 4) e avviare retraining o revisione della soglia di confidenza quando lo scostamento supera la tolleranza. II. Ritarare le soglie dei KRI a ogni cambio di modello, di formato di inferenza o di soglia di confidenza, documentando la nuova baseline nel Fascicolo Tecnico. | Q9: Responsabile informatico | R9: Trimestrale | S9: =IF($N9="","",IF($N9="Accettazione","CHIUSO",IF($N9="Trasferimento","APERTO","MONITORATO"))) -> MONITORATO
A10: 9 | B10: INF-FALSE-NEGATIVE_ISO | C10: Inferenza e monitoraggio | D10: Rischio che ISaAC non rilevi una reale situazione di mancato o non corretto utilizzo dei DPI (falso negativo), a causa di occlusioni/scarsa visibilità, adversarial patch, model drift o cambiamento del contesto operativo non gestito, con conseguente mancata segnalazione, ritardo nell'intervento e possibile esposizione del lavoratore a una condizione di pericolo. | E10: 4 | F10: 4 | G10: =E10*F10 -> 16 | H10: =IFERROR(IF(G10>=16,"Critico",IF(G10>=10,"Alto",IF(G10>=5,"Medio","Basso"))),"") -> Critico | I10: Il rilevamento si basa sul modello di rilevamento in esercizio, con soglia minima di confidenza ≥0,40 (abbassata da ≥0,70 con il cambio di modello) e sull'analisi di sequenze di immagini, con verifica DPI-keypoints a soglia geometrica adattiva; un filtro di inerzia genera l'allarme solo dopo cinque frame consecutivi di non conformità ed è comunque verificato da una persona, con controllo fisico dei DPI, prima di qualsiasi intervento. Le variazioni del contesto operativo sono monitorate. | J10: =IFERROR(INDEX('Rischio residuo'!$I$2:$I$32,MATCH($A10,'Rischio residuo'!$A$2:$A$32,0)),"") -> 2 | K10: =IFERROR(INDEX('Rischio residuo'!$J$2:$J$32,MATCH($A10,'Rischio residuo'!$A$2:$A$32,0)),"") -> 4 | L10: =J10*K10 -> 8 | M10: =IFERROR(IF(L10>=16,"Critico",IF(L10>=10,"Alto",IF(L10>=5,"Medio","Basso"))),"") -> Medio | N10: =IF($M10="","",IF($M10="Basso","Accettazione",IF(IFERROR(INDEX('Rischio residuo'!$F$2:$F$32,MATCH($A10,'Rischio residuo'!$A$2:$A$32,0)),0)=0,"Trasferimento","Mitigazione"))) -> Mitigazione | O10: I. N. operatori senza DPI non segnalati > 0, oppure Recall DPI < 0,70 / Precision DPI < 0,75 sul modello in esercizio (soglia di confidenza ≥0,40), oppure scostamento superiore al 10% rispetto al dataset di controllo della versione approvata. II. Percentuale di immagini non valutabili per occlusione/DPI non visibili > 10% del campione mensile verificato. III. N. casi confermati di adesivi, pattern, camuffamenti o artefatti fisici associati a errore di rilevamento > 0. IV. N. modifiche a DPI, area, telecamera, condizioni operative, soglia di confidenza (≥0,40) o numero di frame consecutivi richiesti, introdotte senza nuova verifica o validazione documentata del modello > 0. V. N. episodi reali di non conformità esauriti prima dei 5 frame consecutivi richiesti dal filtro di inerzia, e quindi non segnalati, > 0. | P10: I. Analizzare i falsi negativi, aggiungere le immagini al dataset e avviare retraining; confrontare periodicamente le prestazioni con la baseline della versione approvata e avviare retraining quando precision o recall scendono sotto soglia o si scostano oltre la tolleranza. II. Introdurre o mantenere un controllo mensile su immagini/eventi; se la soglia viene superata, correggere inquadratura, ostacoli o condizioni operative. III. Controllare i DPI sospetti, rimuovere o sostituire DPI alterati e valutare l'inserimento di casi simili nei test o nel dataset di miglioramento. IV. Rivalutare il sistema dopo modifiche operative rilevanti, raccogliendo nuove immagini e aggiornando dataset/modello; sottoporre ogni modifica di soglia di confidenza o di lunghezza del filtro di inerzia al processo di rilascio controllato, con nuova validazione e aggiornamento del Fascicolo Tecnico e del presente registro. V. Verificare la durata tipica degli episodi di non conformità nel contesto reale e valutare la riduzione del numero di frame consecutivi richiesti, bilanciandola con l'effetto sui falsi positivi | Q10: Responsabile informatico | R10: Monitoraggio continuo | S10: =IF($N10="","",IF($N10="Accettazione","CHIUSO",IF($N10="Trasferimento","APERTO","MONITORATO"))) -> MONITORATO
A11: 10 | B11: INF-FALSE-POSITIVE_ISO | C11: Inferenza e monitoraggio | D11: Rischio di generazione di una segnalazione di non conformità non corretta (falso positivo) a causa di occlusioni/scarsa visibilità, adversarial patch, model drift o cambiamento del contesto operativo non gestito, con possibile sovraccarico operativo, perdita di fiducia nel sistema o interventi non necessari. | E11: 4 | F11: 4 | G11: =E11*F11 -> 16 | H11: =IFERROR(IF(G11>=16,"Critico",IF(G11>=10,"Alto",IF(G11>=5,"Medio","Basso"))),"") -> Critico | I11: Il sistema opera con soglia minima di confidenza ≥0,40: la soglia più permissiva è compensata da un filtro di inerzia che genera l'allarme solo dopo cinque frame consecutivi di non conformità. Ogni allarme è verificato da una persona sullo snapshot prima di qualsiasi intervento; è disponibile un canale per segnalare errori e le variazioni del contesto operativo sono monitorate. | J11: =IFERROR(INDEX('Rischio residuo'!$I$2:$I$32,MATCH($A11,'Rischio residuo'!$A$2:$A$32,0)),"") -> 3 | K11: =IFERROR(INDEX('Rischio residuo'!$J$2:$J$32,MATCH($A11,'Rischio residuo'!$A$2:$A$32,0)),"") -> 4 | L11: =J11*K11 -> 12 | M11: =IFERROR(IF(L11>=16,"Critico",IF(L11>=10,"Alto",IF(L11>=5,"Medio","Basso"))),"") -> Alto | N11: =IF($M11="","",IF($M11="Basso","Accettazione",IF(IFERROR(INDEX('Rischio residuo'!$F$2:$F$32,MATCH($A11,'Rischio residuo'!$A$2:$A$32,0)),0)=0,"Trasferimento","Mitigazione"))) -> Mitigazione | O11: I. Percentuale di allarmi verificati non conformi al reale (falsi positivi) > 20% degli allarmi del campione mensile, oppure Precision DPI < 0,75 sul modello in esercizio (soglia di confidenza ≥0,40), oppure scostamento superiore al 10% rispetto al dataset di controllo della versione approvata. II. N. falsi positivi ricorrenti concentrati sulla stessa classe di DPI, area o telecamera > 0 nel campione mensile verificato. III. N. segnalazioni di errore ricevute dagli operatori e non analizzate entro i tempi definiti > 0. IV. N. modifiche a soglia di confidenza (≥0,40), numero di frame consecutivi richiesti, DPI, area, telecamera o condizioni operative, introdotte senza nuova verifica o validazione documentata del modello > 0. V. N. episodi di disattivazione, elusione o mancata gestione degli allarmi da parte degli operatori a causa di un eccesso di falsi positivi > 0. | P11: I. Analizzare i falsi positivi ricorrenti per classe, area e telecamera, integrare i casi nel dataset e avviare retraining. II. Valutare l'innalzamento della soglia di confidenza o l'estensione del filtro di inerzia, verificando l'effetto sui falsi negativi (Rischio 9) prima di applicare la modifica. III. Definire tempi e responsabilità per l'analisi delle segnalazioni ricevute e tracciare le azioni correttive fino alla chiusura. IV. Sottoporre ogni modifica dei parametri di inferenza al processo di rilascio controllato, con validazione documentata e aggiornamento del Fascicolo Tecnico e del presente registro. | Q11: Responsabile informatico | R11: Dopo ogni aggiornamento | S11: =IF($N11="","",IF($N11="Accettazione","CHIUSO",IF($N11="Trasferimento","APERTO","MONITORATO"))) -> MONITORATO
A12: 11 | B12: USE-AI-LITERACY-SUPERVISION_ISO | C12: Utilizzo e supervisione umana | D12: Rischio che gli utilizzatori o i supervisori di ISaAC non dispongano di competenze e AI literacy adeguate per utilizzare correttamente il sistema, comprenderne i limiti e interpretarne i risultati, con possibile mancata individuazione di errori o anomalie e adozione di decisioni non appropriate. | E12: 3 | F12: 4 | G12: =E12*F12 -> 12 | H12: =IFERROR(IF(G12>=16,"Critico",IF(G12>=10,"Alto",IF(G12>=5,"Medio","Basso"))),"") -> Alto | I12: Gli operatori dispongono di documentazione e materiale informativo e ricevono una formazione iniziale sulla corretta interpretazione degli allarmi, con indicazioni operative di riferimento e un canale a cui rivolgersi in caso di dubbi. | J12: =IFERROR(INDEX('Rischio residuo'!$I$2:$I$32,MATCH($A12,'Rischio residuo'!$A$2:$A$32,0)),"") -> 2 | K12: =IFERROR(INDEX('Rischio residuo'!$J$2:$J$32,MATCH($A12,'Rischio residuo'!$A$2:$A$32,0)),"") -> 4 | L12: =J12*K12 -> 8 | M12: =IFERROR(IF(L12>=16,"Critico",IF(L12>=10,"Alto",IF(L12>=5,"Medio","Basso"))),"") -> Medio | N12: Trasferimento | O12: I. N. utenti, responsabili o tecnici coinvolti nell'uso/supervisione del sistema privi di istruzioni o documentazione aggiornata > 0. II. Assenza di una clausola contrattuale che attribuisca al cliente l'obbligo di formazione e AI literacy degli utilizzatori (art. 4 Reg. UE 2024/1689), oppure assenza di evidenza della formazione erogata agli utenti finali. | Q12: Cliente | R12: Annuale (rinnovo contratto) e a ogni nuovo gruppo di utilizzatori | S12: =IF($N12="","",IF($N12="Accettazione","CHIUSO",IF($N12="Trasferimento","APERTO","MONITORATO"))) -> APERTO
A13: 12 | B13: USE-OVERSIGHT-VERIFICATION-FAILURE_ISO | C13: Utilizzo e supervisione umana | D13: Rischio che le segnalazioni prodotte da ISaAC non siano verificate, comunicate o gestite tempestivamente e correttamente, per fiducia eccessiva o mancata considerazione delle segnalazioni (automation bias) oppure per segnalazione tardiva o assente di anomalie, errori del modello, falsi positivi o falsi negativi, con possibile conferma di risultati errati o mancata gestione di situazioni reali. | E13: 3 | F13: 4 | G13: =E13*F13 -> 12 | H13: =IFERROR(IF(G13>=16,"Critico",IF(G13>=10,"Alto",IF(G13>=5,"Medio","Basso"))),"") -> Alto | I13: Ogni allarme è verificato da un responsabile prima di qualsiasi intervento ed è disponibile un canale dedicato per la segnalazione di anomalie ed errori. | J13: =IFERROR(INDEX('Rischio residuo'!$I$2:$I$32,MATCH($A13,'Rischio residuo'!$A$2:$A$32,0)),"") -> 2 | K13: =IFERROR(INDEX('Rischio residuo'!$J$2:$J$32,MATCH($A13,'Rischio residuo'!$A$2:$A$32,0)),"") -> 4 | L13: =J13*K13 -> 8 | M13: =IFERROR(IF(L13>=16,"Critico",IF(L13>=10,"Alto",IF(L13>=5,"Medio","Basso"))),"") -> Medio | N13: =IF($M13="","",IF($M13="Basso","Accettazione",IF(IFERROR(INDEX('Rischio residuo'!$F$2:$F$32,MATCH($A13,'Rischio residuo'!$A$2:$A$32,0)),0)=0,"Trasferimento","Mitigazione"))) -> Mitigazione | O13: I. N. azioni correttive adottate senza verifica umana dello snapshot o senza valutazione dell'attendibilità dell'allarme > 0. II. N. allarmi non verificati dal responsabile prima dell'azione correttiva > 0. III. N. falsi positivi, falsi negativi o anomalie confermati non segnalati al supporto tecnico entro il periodo previsto > 0. | P13: I. Richiamare l'obbligo di verifica umana, aggiornare le istruzioni operative e riesaminare i casi in cui l'allarme sia stato seguito automaticamente. II. Formalizzare il passaggio di verifica umana, registrare l'esito della verifica e richiamare i responsabili alla procedura. III. Definire tempi e canali di segnalazione; analizzare le anomalie ricevute e tracciare le azioni correttive fino alla chiusura. | Q13: Responsabile della sicurezza | R13: Mensile | S13: =IF($N13="","",IF($N13="Accettazione","CHIUSO",IF($N13="Trasferimento","APERTO","MONITORATO"))) -> MONITORATO
A14: 13 | B14: SEC-ACCESS-CREDENTIAL-MISUSE | C14: Cybersecurity | D14: Rischio di accesso non autorizzato ai componenti e ai dati di ISaAC per errata configurazione, assegnazione o mancata revoca di account/privilegi/API key, per abuso intenzionale o condivisione impropria di credenziali da parte di soggetti autorizzati, oppure per acquisizione fraudolenta delle credenziali (brute force, phishing, credential stuffing, social engineering). | E14: 3 | F14: 4 | G14: =E14*F14 -> 12 | H14: =IFERROR(IF(G14>=16,"Critico",IF(G14>=10,"Alto",IF(G14>=5,"Medio","Basso"))),"") -> Alto | I14: L'accesso avviene con credenziali dedicate soggette ad autenticazione, autorizzazione e revoca, con segregazione dei permessi tra i diversi componenti del sistema. | J14: =IFERROR(INDEX('Rischio residuo'!$I$2:$I$32,MATCH($A14,'Rischio residuo'!$A$2:$A$32,0)),"") -> 1 | K14: =IFERROR(INDEX('Rischio residuo'!$J$2:$J$32,MATCH($A14,'Rischio residuo'!$A$2:$A$32,0)),"") -> 4 | L14: =J14*K14 -> 4 | M14: =IFERROR(IF(L14>=16,"Critico",IF(L14>=10,"Alto",IF(L14>=5,"Medio","Basso"))),"") -> Basso | N14: =IF($M14="","",IF($M14="Basso","Accettazione",IF(IFERROR(INDEX('Rischio residuo'!$F$2:$F$32,MATCH($A14,'Rischio residuo'!$A$2:$A$32,0)),0)=0,"Trasferimento","Mitigazione"))) -> Accettazione | Q14: AI Engineer + Responsabile della sicurezza | R14: Trimestrale e a ogni variazione di account, privilegi o API key | S14: =IF($N14="","",IF($N14="Accettazione","CHIUSO",IF($N14="Trasferimento","APERTO","MONITORATO"))) -> CHIUSO
A15: 14 | B15: SEC-NETWORK-COMMUNICATION-COMPROMISE | C15: Cybersecurity | D15: Rischio di compromissione delle comunicazioni o dei flussi di rete di ISaAC mediante intercettazione/sniffing passivo, attacco man-in-the-middle o dirottamento di sessione, oppure creazione, modifica, sostituzione o ritrasmissione fraudolenta di flussi video, messaggi o eventi (spoofing, replay, impersonificazione), con possibile acquisizione, alterazione o occultamento non autorizzati di dati ed eventi. | E15: 2 | F15: 4 | G15: =E15*F15 -> 8 | H15: =IFERROR(IF(G15>=16,"Critico",IF(G15>=10,"Alto",IF(G15>=5,"Medio","Basso"))),"") -> Medio | I15: Il sistema opera su un segmento di rete dedicato e le comunicazioni tra i componenti sono protette, autenticate e soggette a controllo dell'identità dei dispositivi che dialogano. | J15: =IFERROR(INDEX('Rischio residuo'!$I$2:$I$32,MATCH($A15,'Rischio residuo'!$A$2:$A$32,0)),"") -> 1 | K15: =IFERROR(INDEX('Rischio residuo'!$J$2:$J$32,MATCH($A15,'Rischio residuo'!$A$2:$A$32,0)),"") -> 4 | L15: =J15*K15 -> 4 | M15: =IFERROR(IF(L15>=16,"Critico",IF(L15>=10,"Alto",IF(L15>=5,"Medio","Basso"))),"") -> Basso | N15: =IF($M15="","",IF($M15="Basso","Accettazione",IF(IFERROR(INDEX('Rischio residuo'!$F$2:$F$32,MATCH($A15,'Rischio residuo'!$A$2:$A$32,0)),0)=0,"Trasferimento","Mitigazione"))) -> Accettazione | Q15: AI Engineer | R15: Mensile | S15: =IF($N15="","",IF($N15="Accettazione","CHIUSO",IF($N15="Trasferimento","APERTO","MONITORATO"))) -> CHIUSO
A16: 15 | B16: SEC-RECON-VULNERABILITY-EXPLOITATION | C16: Cybersecurity | D16: Rischio che vulnerabilità di software, firmware, API, servizi o altri componenti di ISaAC non siano tempestivamente individuate o corrette a causa di hardening, patching o gestione delle vulnerabilità insufficienti, anche a seguito di attività di network scanning, fingerprinting o ricognizione non autorizzata, con possibile sfruttamento per eseguire codice, acquisire privilegi o compromettere il sistema. | E16: 2 | F16: 4 | G16: =E16*F16 -> 8 | H16: =IFERROR(IF(G16>=16,"Critico",IF(G16>=10,"Alto",IF(G16>=5,"Medio","Basso"))),"") -> Medio | I16: L'accesso ai servizi è limitato alla rete interna, le versioni software sono gestite in modo controllato con test prima degli aggiornamenti e sono svolte verifiche periodiche delle vulnerabilità. | J16: =IFERROR(INDEX('Rischio residuo'!$I$2:$I$32,MATCH($A16,'Rischio residuo'!$A$2:$A$32,0)),"") -> 1 | K16: =IFERROR(INDEX('Rischio residuo'!$J$2:$J$32,MATCH($A16,'Rischio residuo'!$A$2:$A$32,0)),"") -> 4 | L16: =J16*K16 -> 4 | M16: =IFERROR(IF(L16>=16,"Critico",IF(L16>=10,"Alto",IF(L16>=5,"Medio","Basso"))),"") -> Basso | N16: =IF($M16="","",IF($M16="Basso","Accettazione",IF(IFERROR(INDEX('Rischio residuo'!$F$2:$F$32,MATCH($A16,'Rischio residuo'!$A$2:$A$32,0)),0)=0,"Trasferimento","Mitigazione"))) -> Accettazione | Q16: Responsabile informatico + Responsabile della sicurezza | R16: Ogni 6 mesi e dopo ogni caso rilevato | S16: =IF($N16="","",IF($N16="Accettazione","CHIUSO",IF($N16="Trasferimento","APERTO","MONITORATO"))) -> CHIUSO
A17: 16 | B17: SEC-INTENTIONAL-DATA-MODEL-CHANGE | C17: Cybersecurity | D17: Rischio di cancellazione o modifica di modelli, dataset, configurazioni, immagini o log, con possibile perdita di integrità, disponibilità o tracciabilità. | E17: 2 | F17: 5 | G17: =E17*F17 -> 10 | H17: =IFERROR(IF(G17>=16,"Critico",IF(G17>=10,"Alto",IF(G17>=5,"Medio","Basso"))),"") -> Alto | I17: I modelli rilasciati sono identificati tramite hash e la procedura di rilascio è controllata, con backup precedente al rilascio; le modifiche di configurazione sono registrate. | J17: =IFERROR(INDEX('Rischio residuo'!$I$2:$I$32,MATCH($A17,'Rischio residuo'!$A$2:$A$32,0)),"") -> 1 | K17: =IFERROR(INDEX('Rischio residuo'!$J$2:$J$32,MATCH($A17,'Rischio residuo'!$A$2:$A$32,0)),"") -> 5 | L17: =J17*K17 -> 5 | M17: =IFERROR(IF(L17>=16,"Critico",IF(L17>=10,"Alto",IF(L17>=5,"Medio","Basso"))),"") -> Medio | N17: =IF($M17="","",IF($M17="Basso","Accettazione",IF(IFERROR(INDEX('Rischio residuo'!$F$2:$F$32,MATCH($A17,'Rischio residuo'!$A$2:$A$32,0)),0)=0,"Trasferimento","Mitigazione"))) -> Mitigazione | O17: I. N. modifiche a modelli, dataset, configurazioni, immagini o log prive di corrispondenza nel registro dei rilasci o nel log eventi > 0. II. N. verifiche dell'hash del modello in esercizio non corrispondenti alla versione approvata e registrata > 0. III. Assenza di conservazione dei log su supporto separato e non riscrivibile dagli account che operano sul sistema. | P17: I. Verificare periodicamente l'hash del modello in esercizio contro la versione approvata e riconciliare le modifiche di configurazione con il registro dei rilasci, documentando l'esito. II. Conservare i log e le evidenze su supporto separato e non riscrivibile dagli account che operano sul sistema, in modo che una modifica intenzionale non possa cancellare anche la propria traccia. III. Verificare con evidenza documentale il ripristino di modelli, dataset e configurazioni dai backup; a contenimento dimostrato, rivalutare l'impatto residuo del rischio. | Q17: AI Engineer | R17: Ogni modifica rilevante | S17: =IF($N17="","",IF($N17="Accettazione","CHIUSO",IF($N17="Trasferimento","APERTO","MONITORATO"))) -> MONITORATO
A18: 17 | B18: SEC-MALWARE | C18: Cybersecurity | D18: Rischio di Malware, ransomware, altro codice malevolo, con possibile indisponibilità dei servizi, perdita o alterazione dei dati e accesso non autorizzato. | E18: 3 | F18: 4 | G18: =E18*F18 -> 12 | H18: =IFERROR(IF(G18>=16,"Critico",IF(G18>=10,"Alto",IF(G18>=5,"Medio","Basso"))),"") -> Alto | I18: Il sistema è installato in rete interna, i componenti sono mantenuti aggiornati, i backup sono eseguiti periodicamente e gli eventi di sicurezza sono registrati. | J18: =IFERROR(INDEX('Rischio residuo'!$I$2:$I$32,MATCH($A18,'Rischio residuo'!$A$2:$A$32,0)),"") -> 2 | K18: =IFERROR(INDEX('Rischio residuo'!$J$2:$J$32,MATCH($A18,'Rischio residuo'!$A$2:$A$32,0)),"") -> 2 | L18: =J18*K18 -> 4 | M18: =IFERROR(IF(L18>=16,"Critico",IF(L18>=10,"Alto",IF(L18>=5,"Medio","Basso"))),"") -> Basso | N18: =IF($M18="","",IF($M18="Basso","Accettazione",IF(IFERROR(INDEX('Rischio residuo'!$F$2:$F$32,MATCH($A18,'Rischio residuo'!$A$2:$A$32,0)),0)=0,"Trasferimento","Mitigazione"))) -> Accettazione | Q18: Responsabile della sicurezza | R18: Semestrale | S18: =IF($N18="","",IF($N18="Accettazione","CHIUSO",IF($N18="Trasferimento","APERTO","MONITORATO"))) -> CHIUSO
A19: 18 | B19: SEC-DENIAL-OF-SERVICE | C19: Cybersecurity | D19: Rischio di attacco alla disponibilità mediante DoS, DDoS o flooding, con possibile rallentamento o indisponibilità dei servizi di rilevamento e notifica. | E19: 2 | F19: 3 | G19: =E19*F19 -> 6 | H19: =IFERROR(IF(G19>=16,"Critico",IF(G19>=10,"Alto",IF(G19>=5,"Medio","Basso"))),"") -> Medio | I19: Il sistema è installato in rete interna e non è esposto direttamente a internet; i componenti sono monitorati per garantirne la continuità di funzionamento. | J19: =IFERROR(INDEX('Rischio residuo'!$I$2:$I$32,MATCH($A19,'Rischio residuo'!$A$2:$A$32,0)),"") -> 1 | K19: =IFERROR(INDEX('Rischio residuo'!$J$2:$J$32,MATCH($A19,'Rischio residuo'!$A$2:$A$32,0)),"") -> 3 | L19: =J19*K19 -> 3 | M19: =IFERROR(IF(L19>=16,"Critico",IF(L19>=10,"Alto",IF(L19>=5,"Medio","Basso"))),"") -> Basso | N19: =IF($M19="","",IF($M19="Basso","Accettazione",IF(IFERROR(INDEX('Rischio residuo'!$F$2:$F$32,MATCH($A19,'Rischio residuo'!$A$2:$A$32,0)),0)=0,"Trasferimento","Mitigazione"))) -> Accettazione | Q19: Responsabile della sicurezza | R19: Semestrale | S19: =IF($N19="","",IF($N19="Accettazione","CHIUSO",IF($N19="Trasferimento","APERTO","MONITORATO"))) -> CHIUSO
A20: 19 | B20: CONT-ENVIRONMENTAL-EXPOSURE | C20: Sicurezza fisica e continuità operativa | D20: Rischio di incendio, allagamento, evento sismico, fenomeno meteorologico estremo o fulminazione, oppure di esposizione prolungata a polvere, umidità, temperature fuori specifica o condizioni di illuminazione avverse, con possibile danneggiamento delle apparecchiature, degrado progressivo dei dispositivi o indisponibilità temporanea o prolungata di ISaAC. | E20: 3 | F20: 3 | G20: =E20*F20 -> 9 | H20: =IFERROR(IF(G20>=16,"Critico",IF(G20>=10,"Alto",IF(G20>=5,"Medio","Basso"))),"") -> Medio | I20: Non sono disponibili controlli diretti su questo rischio | J20: =IFERROR(INDEX('Rischio residuo'!$I$2:$I$32,MATCH($A20,'Rischio residuo'!$A$2:$A$32,0)),"") -> 3 | K20: =IFERROR(INDEX('Rischio residuo'!$J$2:$J$32,MATCH($A20,'Rischio residuo'!$A$2:$A$32,0)),"") -> 3 | L20: =J20*K20 -> 9 | M20: =IFERROR(IF(L20>=16,"Critico",IF(L20>=10,"Alto",IF(L20>=5,"Medio","Basso"))),"") -> Medio | N20: =IF($M20="","",IF($M20="Basso","Accettazione",IF(IFERROR(INDEX('Rischio residuo'!$F$2:$F$32,MATCH($A20,'Rischio residuo'!$A$2:$A$32,0)),0)=0,"Trasferimento","Mitigazione"))) -> Trasferimento | O20: I. N. eventi ambientali (incendio, allagamento, danneggiamento da eventi naturali) che colpiscono le apparecchiature senza copertura assicurativa/piano di continuità del cliente > 0. II. Assenza di un accordo contrattuale con il cliente che attribuisca formalmente la protezione ambientale dei locali e delle apparecchiature e la copertura assicurativa dei danni, oppure accordo scaduto o non documentato. | Q20: Cliente | R20: Annuale (rinnovo contratto e polizza) | S20: =IF($N20="","",IF($N20="Accettazione","CHIUSO",IF($N20="Trasferimento","APERTO","MONITORATO"))) -> APERTO
A21: 20 | B21: CONT-INFRASTRUCTURE-EQUIPMENT-FAILURE | C21: Sicurezza fisica e continuità operativa | D21: Rischio di guasto dell'alimentazione elettrica, del raffreddamento o di altre utilities, oppure di guasto, spostamento, indisponibilità o degrado di una telecamera, di un dispositivo Edge, di apparati/servizi di rete o di sistemi di memorizzazione, con possibile arresto dei componenti, perdita della copertura dell'area o indisponibilità del servizio. | E21: 3 | F21: 4 | G21: =E21*F21 -> 12 | H21: =IFERROR(IF(G21>=16,"Critico",IF(G21>=10,"Alto",IF(G21>=5,"Medio","Basso"))),"") -> Alto | I21: Non sono disponibili controlli diretti su questo rischio | J21: =IFERROR(INDEX('Rischio residuo'!$I$2:$I$32,MATCH($A21,'Rischio residuo'!$A$2:$A$32,0)),"") -> 3 | K21: =IFERROR(INDEX('Rischio residuo'!$J$2:$J$32,MATCH($A21,'Rischio residuo'!$A$2:$A$32,0)),"") -> 4 | L21: =J21*K21 -> 12 | M21: =IFERROR(IF(L21>=16,"Critico",IF(L21>=10,"Alto",IF(L21>=5,"Medio","Basso"))),"") -> Alto | N21: =IF($M21="","",IF($M21="Basso","Accettazione",IF(IFERROR(INDEX('Rischio residuo'!$F$2:$F$32,MATCH($A21,'Rischio residuo'!$A$2:$A$32,0)),0)=0,"Trasferimento","Mitigazione"))) -> Trasferimento | O21: I. N. guasti a telecamere o dispositivi Edge non rilevati tempestivamente o non ripristinati entro il tempo concordato con il cliente > 0. II. Assenza di un accordo contrattuale con il cliente che attribuisca formalmente alimentazione, continuità delle utilities e tempi di ripristino delle apparecchiature, oppure accordo scaduto o non documentato. | Q21: Fornitore hardware | R21: Annuale (rinnovo contratto di assistenza) | S21: =IF($N21="","",IF($N21="Accettazione","CHIUSO",IF($N21="Trasferimento","APERTO","MONITORATO"))) -> APERTO
A22: 21 | B22: CONT-UNAUTHORIZED-PHYSICAL-ACCESS | C22: Sicurezza fisica e continuità operativa | D22: Rischio di accesso fisico non autorizzato a telecamere, dispositivi Edge, apparati di rete, sistemi di memorizzazione o locali tecnici di ISaAC, con possibile furto, sottrazione, sabotaggio o manomissione delle apparecchiature e dei dati, alterazione dei flussi e interruzione del servizio. | E22: 2 | F22: 4 | G22: =E22*F22 -> 8 | H22: =IFERROR(IF(G22>=16,"Critico",IF(G22>=10,"Alto",IF(G22>=5,"Medio","Basso"))),"") -> Medio | I22: Non sono disponibili controlli diretti su questo rischio | J22: =IFERROR(INDEX('Rischio residuo'!$I$2:$I$32,MATCH($A22,'Rischio residuo'!$A$2:$A$32,0)),"") -> 2 | K22: =IFERROR(INDEX('Rischio residuo'!$J$2:$J$32,MATCH($A22,'Rischio residuo'!$A$2:$A$32,0)),"") -> 4 | L22: =J22*K22 -> 8 | M22: =IFERROR(IF(L22>=16,"Critico",IF(L22>=10,"Alto",IF(L22>=5,"Medio","Basso"))),"") -> Medio | N22: =IF($M22="","",IF($M22="Basso","Accettazione",IF(IFERROR(INDEX('Rischio residuo'!$F$2:$F$32,MATCH($A22,'Rischio residuo'!$A$2:$A$32,0)),0)=0,"Trasferimento","Mitigazione"))) -> Trasferimento | O22: I. N. accessi non autorizzati all'area o alle apparecchiature rilevati, oppure assenza del controllo visivo periodico nelle attività di manutenzione previste > 0. II. Assenza di un accordo contrattuale o SLA con il cliente che attribuisca formalmente il presidio fisico dei locali tecnici e delle apparecchiature, oppure accordo scaduto o non documentato. | Q22: Cliente | R22: Annuale (rinnovo contratto) e a ogni segnalazione di manomissione | S22: =IF($N22="","",IF($N22="Accettazione","CHIUSO",IF($N22="Trasferimento","APERTO","MONITORATO"))) -> APERTO
A23: 22 | B23: CONT-STAFF-UNAVAILABILITY | C23: Sicurezza fisica e continuità operativa | D23: Rischio di indisponibilità estesa del personale incaricato della supervisione, della verifica delle segnalazioni e della manutenzione di ISaAC, con possibile mancata gestione delle segnalazioni prodotte, sospensione delle attività di controllo e prolungamento dei tempi di ripristino. | E23: 2 | F23: 3 | G23: =E23*F23 -> 6 | H23: =IFERROR(IF(G23>=16,"Critico",IF(G23>=10,"Alto",IF(G23>=5,"Medio","Basso"))),"") -> Medio | I23: Non sono disponibili controlli diretti su questo rischio | J23: =IFERROR(INDEX('Rischio residuo'!$I$2:$I$32,MATCH($A23,'Rischio residuo'!$A$2:$A$32,0)),"") -> 2 | K23: =IFERROR(INDEX('Rischio residuo'!$J$2:$J$32,MATCH($A23,'Rischio residuo'!$A$2:$A$32,0)),"") -> 3 | L23: =J23*K23 -> 6 | M23: =IFERROR(IF(L23>=16,"Critico",IF(L23>=10,"Alto",IF(L23>=5,"Medio","Basso"))),"") -> Medio | N23: =IF($M23="","",IF($M23="Basso","Accettazione",IF(IFERROR(INDEX('Rischio residuo'!$F$2:$F$32,MATCH($A23,'Rischio residuo'!$A$2:$A$32,0)),0)=0,"Trasferimento","Mitigazione"))) -> Trasferimento | O23: I. N. periodi in cui nessun operatore è disponibile per la supervisione o la gestione delle segnalazioni oltre la soglia concordata > 0. II. Assenza di un accordo contrattuale con il cliente che attribuisca formalmente la disponibilità del personale di supervisione e le soglie di copertura del servizio, oppure accordo scaduto o non documentato. | Q23: Cliente | R23: Annuale (rinnovo contratto di assistenza) | S23: =IF($N23="","",IF($N23="Accettazione","CHIUSO",IF($N23="Trasferimento","APERTO","MONITORATO"))) -> APERTO
A24: 23 | B24: PRIV-UNLAWFUL-DATA-PROCESSING_GDPR | C24: Privacy e protezione dei dati | D24: Rischio di accesso, utilizzo, comunicazione o divulgazione non autorizzati di immagini, eventi, log o altri dati personali trattati mediante ISaAC, oppure di raccolta o utilizzo non autorizzato di dati personali, sensibili o protetti da diritto d'autore, con possibile violazione della riservatezza o della normativa applicabile e lesione dei diritti degli interessati. | E24: 3 | F24: 4 | G24: =E24*F24 -> 12 | H24: =IFERROR(IF(G24>=16,"Critico",IF(G24>=10,"Alto",IF(G24>=5,"Medio","Basso"))),"") -> Alto | I24: L'accesso alle immagini è limitato al personale autorizzato e le immagini inviate nelle notifiche sono anonimizzate; sono verificate le condizioni di utilizzo dei dataset ed è garantita la tracciabilità dei dati impiegati per il miglioramento del modello. | J24: =IFERROR(INDEX('Rischio residuo'!$I$2:$I$32,MATCH($A24,'Rischio residuo'!$A$2:$A$32,0)),"") -> 1 | K24: =IFERROR(INDEX('Rischio residuo'!$J$2:$J$32,MATCH($A24,'Rischio residuo'!$A$2:$A$32,0)),"") -> 4 | L24: =J24*K24 -> 4 | M24: =IFERROR(IF(L24>=16,"Critico",IF(L24>=10,"Alto",IF(L24>=5,"Medio","Basso"))),"") -> Basso | N24: =IF($M24="","",IF($M24="Basso","Accettazione",IF(IFERROR(INDEX('Rischio residuo'!$F$2:$F$32,MATCH($A24,'Rischio residuo'!$A$2:$A$32,0)),0)=0,"Trasferimento","Mitigazione"))) -> Accettazione | Q24: Responsabile informatico | R24: Trimestrale | S24: =IF($N24="","",IF($N24="Accettazione","CHIUSO",IF($N24="Trasferimento","APERTO","MONITORATO"))) -> CHIUSO
A25: 24 | B25: PRIV-RETENTION-SUBJECT-RIGHTS_GDPR | C25: Privacy e protezione dei dati | D25: Rischio di conservazione di immagini, eventi e log oltre i tempi stabiliti o di mancata cancellazione al termine del periodo previsto, oppure di mancata o non tempestiva gestione delle richieste esercitate dagli interessati, con possibile violazione del principio di limitazione della conservazione e degli obblighi applicabili. | E25: 3 | F25: 3 | G25: =E25*F25 -> 9 | H25: =IFERROR(IF(G25>=16,"Critico",IF(G25>=10,"Alto",IF(G25>=5,"Medio","Basso"))),"") -> Medio | I25: Log e immagini sono conservati per tempi definiti e archiviati su supporti cifrati; il DPO è coinvolto ed è stata svolta la valutazione d'impatto, con una gestione strutturata delle richieste degli interessati. | J25: =IFERROR(INDEX('Rischio residuo'!$I$2:$I$32,MATCH($A25,'Rischio residuo'!$A$2:$A$32,0)),"") -> 1 | K25: =IFERROR(INDEX('Rischio residuo'!$J$2:$J$32,MATCH($A25,'Rischio residuo'!$A$2:$A$32,0)),"") -> 3 | L25: =J25*K25 -> 3 | M25: =IFERROR(IF(L25>=16,"Critico",IF(L25>=10,"Alto",IF(L25>=5,"Medio","Basso"))),"") -> Basso | N25: =IF($M25="","",IF($M25="Basso","Accettazione",IF(IFERROR(INDEX('Rischio residuo'!$F$2:$F$32,MATCH($A25,'Rischio residuo'!$A$2:$A$32,0)),0)=0,"Trasferimento","Mitigazione"))) -> Accettazione | Q25: Responsabile informatico | R25: Trimestrale | S25: =IF($N25="","",IF($N25="Accettazione","CHIUSO",IF($N25="Trasferimento","APERTO","MONITORATO"))) -> CHIUSO
A26: 25 | B26: SUP-SUPPLIER-DEPENDENCY_ISO | C26: Fornitori e dipendenze esterne | D26: Rischio di dipendenza da fornitori, tecnologie o componenti critici non facilmente sostituibili, con possibile discontinuità, inadempienza o cessazione del supporto oppure modifiche unilaterali o non controllate del produttore a modelli, librerie, componenti o condizioni del servizio, con conseguente indisponibilità di aggiornamenti/assistenza o degrado/interruzione di ISaAC. | E26: 2 | F26: 3 | G26: =E26*F26 -> 6 | H26: =IFERROR(IF(G26>=16,"Critico",IF(G26>=10,"Alto",IF(G26>=5,"Medio","Basso"))),"") -> Medio | I26: I componenti software sono forniti tramite licenza commerciale regolata da un contratto definito. | J26: =IFERROR(INDEX('Rischio residuo'!$I$2:$I$32,MATCH($A26,'Rischio residuo'!$A$2:$A$32,0)),"") -> 2 | K26: =IFERROR(INDEX('Rischio residuo'!$J$2:$J$32,MATCH($A26,'Rischio residuo'!$A$2:$A$32,0)),"") -> 3 | L26: =J26*K26 -> 6 | M26: =IFERROR(IF(L26>=16,"Critico",IF(L26>=10,"Alto",IF(L26>=5,"Medio","Basso"))),"") -> Medio | N26: =IF($M26="","",IF($M26="Basso","Accettazione",IF(IFERROR(INDEX('Rischio residuo'!$F$2:$F$32,MATCH($A26,'Rischio residuo'!$A$2:$A$32,0)),0)=0,"Trasferimento","Mitigazione"))) -> Mitigazione | O26: I. N. componenti software, librerie o modelli critici per cui il supporto del produttore è cessato o dichiarato in dismissione > 0. II. N. modifiche unilaterali a licenze, versioni o condizioni di servizio introdotte dal fornitore senza il preavviso concordato > 0. III. Assenza di un contratto di fornitura o assistenza valido e non scaduto per almeno un componente critico. | P26: I. Mantenere l'inventario dei componenti critici con versione e stato di supporto; individuare in anticipo alternative sostituibili per quelli in dismissione. II. Formalizzare in contratto i termini di preavviso per modifiche a licenze, versioni e condizioni di servizio. III. Verificare a ogni revisione periodica la validità dei contratti di fornitura e assistenza sui componenti critici. | Q26: Responsabile informatico | R26: Trimestrale e a ogni annuncio di fine supporto o modifica contrattuale del fornitore | S26: =IF($N26="","",IF($N26="Accettazione","CHIUSO",IF($N26="Trasferimento","APERTO","MONITORATO"))) -> MONITORATO
A27: 26 | B27: GOV-DOCUMENTATION-TRANSPARENCY -GDPR | C27: Governance e compliance | D27: Rischio di documentazione, trasparenza, tracciabilità o informazione agli utenti insufficienti riguardo a dati, prestazioni, limiti, versioni del modello e obblighi normativi applicabili a ISaAC, con possibile impossibilità di dimostrare la conformità, ricostruire le decisioni o utilizzo improprio del sistema da parte degli utenti. | E27: 3 | F27: 3 | G27: =E27*F27 -> 9 | H27: =IFERROR(IF(G27>=16,"Critico",IF(G27>=10,"Alto",IF(G27>=5,"Medio","Basso"))),"") -> Medio | I27: Sono mantenute la documentazione tecnica del sistema, delle versioni e delle prestazioni, oltre alla documentazione e alle istruzioni destinate a utenti e responsabili. | J27: =IFERROR(INDEX('Rischio residuo'!$I$2:$I$32,MATCH($A27,'Rischio residuo'!$A$2:$A$32,0)),"") -> 2 | K27: =IFERROR(INDEX('Rischio residuo'!$J$2:$J$32,MATCH($A27,'Rischio residuo'!$A$2:$A$32,0)),"") -> 3 | L27: =J27*K27 -> 6 | M27: =IFERROR(IF(L27>=16,"Critico",IF(L27>=10,"Alto",IF(L27>=5,"Medio","Basso"))),"") -> Medio | N27: =IF($M27="","",IF($M27="Basso","Accettazione",IF(IFERROR(INDEX('Rischio residuo'!$F$2:$F$32,MATCH($A27,'Rischio residuo'!$A$2:$A$32,0)),0)=0,"Trasferimento","Mitigazione"))) -> Mitigazione | O27: I. N. modifiche significative al sistema (modello, formato di inferenza, soglie, parametri) non riflesse nella documentazione tecnica e nel registro dei rischi entro 30 giorni > 0. II. N. versioni del modello in esercizio prive di scheda prestazioni e baseline di validazione documentate > 0. III. N. utilizzatori o responsabili che operano con istruzioni non aggiornate all'ultima versione rilasciata > 0. | P27: I. Collegare l'aggiornamento della documentazione tecnica e del registro dei rischi al processo di rilascio: nessun rilascio senza aggiornamento di versione, parametri di inferenza e prestazioni. II. Mantenere per ogni versione del modello una scheda di validazione con baseline delle metriche e parametri di inferenza applicati. III. Distribuire le istruzioni aggiornate a ogni rilascio e acquisire evidenza della presa in carico da parte di utilizzatori e responsabili. | Q27: Responsabile informatico | R27: Trimestrale | S27: =IF($N27="","",IF($N27="Accettazione","CHIUSO",IF($N27="Trasferimento","APERTO","MONITORATO"))) -> MONITORATO
A28: 27 | B28: GOV-ACCOUNTABILITY-AUDITABILITY -GDPR | C28: Governance e compliance | D28: Rischio di insufficiente definizione delle responsabilità, registrazione delle attività e conservazione delle evidenze relative al funzionamento e all'utilizzo di ISaAC, con possibile impossibilità di attribuire le operazioni eseguite, ricostruire eventi e decisioni, svolgere verifiche o dimostrare la conformità del sistema. | E28: 3 | F28: 4 | G28: =E28*F28 -> 12 | H28: =IFERROR(IF(G28>=16,"Critico",IF(G28>=10,"Alto",IF(G28>=5,"Medio","Basso"))),"") -> Alto | I28: Le attività rilevanti del sistema, le modifiche e gli eventi sono registrati e i ruoli e le responsabilità sono definiti. | J28: =IFERROR(INDEX('Rischio residuo'!$I$2:$I$32,MATCH($A28,'Rischio residuo'!$A$2:$A$32,0)),"") -> 2 | K28: =IFERROR(INDEX('Rischio residuo'!$J$2:$J$32,MATCH($A28,'Rischio residuo'!$A$2:$A$32,0)),"") -> 4 | L28: =J28*K28 -> 8 | M28: =IFERROR(IF(L28>=16,"Critico",IF(L28>=10,"Alto",IF(L28>=5,"Medio","Basso"))),"") -> Medio | N28: =IF($M28="","",IF($M28="Basso","Accettazione",IF(IFERROR(INDEX('Rischio residuo'!$F$2:$F$32,MATCH($A28,'Rischio residuo'!$A$2:$A$32,0)),0)=0,"Trasferimento","Mitigazione"))) -> Mitigazione | O28: I. N. eventi, accessi, modifiche o decisioni rilevanti non tracciabili tramite log o evidenza documentale > 0. | P28: I. Rafforzare logging e conservazione delle evidenze; definire le responsabilità e verificare periodicamente la completezza delle registrazioni. | Q28: Responsabile informatico | R28: Trimestrale e in caso di uso sospetto | S28: =IF($N28="","",IF($N28="Accettazione","CHIUSO",IF($N28="Trasferimento","APERTO","MONITORATO"))) -> MONITORATO
A29: 28 | B29: GOV-AI-CLASSIFICATION | C29: Governance e compliance | D29: Rischio di errata classificazione del sistema, mancato adeguamento normativo o cambiamento d'uso senza rivalutazione, con possibile applicazione di requisiti non corretti o mancato rispetto degli obblighi previsti. | E29: 2 | F29: 4 | G29: =E29*F29 -> 8 | H29: =IFERROR(IF(G29>=16,"Critico",IF(G29>=10,"Alto",IF(G29>=5,"Medio","Basso"))),"") -> Medio | I29: La classificazione del sistema è documentata ed è riesaminata in caso di modifiche significative. | J29: =IFERROR(INDEX('Rischio residuo'!$I$2:$I$32,MATCH($A29,'Rischio residuo'!$A$2:$A$32,0)),"") -> 1 | K29: =IFERROR(INDEX('Rischio residuo'!$J$2:$J$32,MATCH($A29,'Rischio residuo'!$A$2:$A$32,0)),"") -> 4 | L29: =J29*K29 -> 4 | M29: =IFERROR(IF(L29>=16,"Critico",IF(L29>=10,"Alto",IF(L29>=5,"Medio","Basso"))),"") -> Basso | N29: =IF($M29="","",IF($M29="Basso","Accettazione",IF(IFERROR(INDEX('Rischio residuo'!$F$2:$F$32,MATCH($A29,'Rischio residuo'!$A$2:$A$32,0)),0)=0,"Trasferimento","Mitigazione"))) -> Accettazione | Q29: Responsabile informatico | R29: Trimestrale e prima di ogni aggiornamento | S29: =IF($N29="","",IF($N29="Accettazione","CHIUSO",IF($N29="Trasferimento","APERTO","MONITORATO"))) -> CHIUSO
A30: 29 | B30: GOV-DEROGA-SCOPE | C30: Governance e compliance | D30: Rischio che l'utilizzo di ISaAC evolva verso un impiego che influenza decisioni riguardanti il singolo lavoratore facendo venir meno le condizioni della deroga di cui all'art. 6(3) del Regolamento (UE) 2024/1689 senza che ciò venga formalmente rilevato, valutato o gestito. | E30: 3 | F30: 5 | G30: =E30*F30 -> 15 | H30: =IFERROR(IF(G30>=16,"Critico",IF(G30>=10,"Alto",IF(G30>=5,"Medio","Basso"))),"") -> Alto | I30: La classificazione è riesaminata in caso di modifiche significative, ma senza un presidio dedicato al monitoraggio dello scopo d'uso. È in essere una clausola contrattuale che vieta l'impiego del sistema per valutazioni disciplinari, di performance o economiche. L'attestazione periodica del referente cliente sull'assenza di utilizzi per decisioni individuali e la verifica trimestrale dello scopo d'uso effettivo con evidenza documentale sono previste ma non ancora operative (Ruolo «Da implementare» in Controlli, peso 0: nessun effetto sull'LM — vedi LEGGENDA §5 e §9). | J30: =IFERROR(INDEX('Rischio residuo'!$I$2:$I$32,MATCH($A30,'Rischio residuo'!$A$2:$A$32,0)),"") -> 2 | K30: =IFERROR(INDEX('Rischio residuo'!$J$2:$J$32,MATCH($A30,'Rischio residuo'!$A$2:$A$32,0)),"") -> 5 | L30: =J30*K30 -> 10 | M30: =IFERROR(IF(L30>=16,"Critico",IF(L30>=10,"Alto",IF(L30>=5,"Medio","Basso"))),"") -> Alto | N30: =IF($M30="","",IF($M30="Basso","Accettazione",IF(IFERROR(INDEX('Rischio residuo'!$F$2:$F$32,MATCH($A30,'Rischio residuo'!$A$2:$A$32,0)),0)=0,"Trasferimento","Mitigazione"))) -> Mitigazione | O30: I. N. richieste o utilizzi documentati di ISaAC per finalità disciplinari, valutative o economiche verso singoli lavoratori > 0. II. Assenza di una verifica periodica formalizzata sullo scopo d'uso effettivo del sistema. | P30: I. Mantenere e presidiare la clausola contrattuale che vieta l'uso del sistema per decisioni individuali: verificarne la presenza a ogni rinnovo o modifica contrattuale e riesaminare formalmente ogni richiesta che vada in tal senso. II. Formalizzare l'attestazione periodica del referente cliente sull'assenza di utilizzo per decisioni individuali (presidio previsto, non ancora operativo). III. Istituire la verifica trimestrale dello scopo d'uso effettivo con evidenza documentale (presidio previsto, non ancora operativo). IV. Implementare il divieto tecnico di export o correlazione dei dati verso i sistemi di gestione del personale (owner: Responsabile informatico). A implementazione avvenuta dei punti II, III e IV, aggiornare il Ruolo dei controlli corrispondenti in "Controlli" da «Da implementare» al ruolo effettivo e verificare il nuovo rischio residuo. | Q30: Responsabile informatico | R30: Trimestrale | S30: =IF($N30="","",IF($N30="Accettazione","CHIUSO",IF($N30="Trasferimento","APERTO","MONITORATO"))) -> MONITORATO
A31: 30 | B31: GOV-DEROGA-DOC-MAINTENANCE | C31: Governance e compliance | D31: Rischio che la documentazione di valutazione a supporto della deroga art. 6 del Regolamento (UE) 2024/1689 non venga mantenuta aggiornata a seguito di modifiche al sistema, al caso d'uso o al contesto operativo, con conseguente esposizione in caso di ispezione da parte dell'autorità di vigilanza del mercato. | E31: 3 | F31: 4 | G31: =E31*F31 -> 12 | H31: =IFERROR(IF(G31>=16,"Critico",IF(G31>=10,"Alto",IF(G31>=5,"Medio","Basso"))),"") -> Alto | I31: Il riesame della classificazione è previsto ma non contempla esplicitamente l'aggiornamento della valutazione di deroga ex art. 6; nel processo di change management è inoltre previsto un passaggio obbligatorio che impone la revisione di tale valutazione entro trenta giorni da ogni modifica significativa. | J31: =IFERROR(INDEX('Rischio residuo'!$I$2:$I$32,MATCH($A31,'Rischio residuo'!$A$2:$A$32,0)),"") -> 2 | K31: =IFERROR(INDEX('Rischio residuo'!$J$2:$J$32,MATCH($A31,'Rischio residuo'!$A$2:$A$32,0)),"") -> 4 | L31: =J31*K31 -> 8 | M31: =IFERROR(IF(L31>=16,"Critico",IF(L31>=10,"Alto",IF(L31>=5,"Medio","Basso"))),"") -> Medio | N31: =IF($M31="","",IF($M31="Basso","Accettazione",IF(IFERROR(INDEX('Rischio residuo'!$F$2:$F$32,MATCH($A31,'Rischio residuo'!$A$2:$A$32,0)),0)=0,"Trasferimento","Mitigazione"))) -> Mitigazione | O31: I. N. modifiche significative al sistema, al caso d'uso o al contesto operativo non accompagnate da un aggiornamento della valutazione di deroga entro 30 giorni > 0. | P31: I. Mantenere il gate di deroga nel processo di change management: ogni modifica classificata come «significativa» include il passaggio obbligatorio di revisione della valutazione art. 6 entro 30 giorni, con evidenza documentale. II. Verificare a ogni revisione periodica che il gate sia stato effettivamente applicato a tutte le modifiche significative rilasciate nel periodo, e che il riesame della classificazione richiami esplicitamente l'aggiornamento della valutazione di deroga (oggi non lo prevede: è il punto debole residuo del presidio). | Q31: Responsabile informatico | R31: Trimestrale | S31: =IF($N31="","",IF($N31="Accettazione","CHIUSO",IF($N31="Trasferimento","APERTO","MONITORATO"))) -> MONITORATO
A32: 31 | B32: GOV-DEROGA-PROFILING-EXCLUSION -GDPR | C32: Governance e compliance | D32: Rischio che le rilevazioni di ISaAC vengano associate, anche indirettamente, a un'identità di lavoratore in modo persistente (es. tramite badge, matricola o correlazione ripetuta), qualificando l'attività come profiling ai sensi dell'art. 6(3) ultimo comma del Regolamento (UE) 2024/1689 e dell'art. 4(4) GDPR, con decadenza automatica della deroga indipendentemente dalla valutazione di rischio effettuata. | E32: 2 | F32: 5 | G32: =E32*F32 -> 10 | H32: =IFERROR(IF(G32>=16,"Critico",IF(G32>=10,"Alto",IF(G32>=5,"Medio","Basso"))),"") -> Alto | I32: Il sistema rileva DPI e postura, non l'identità delle persone: non impiega badge, matricole né riconoscimento facciale, escludendo qualsiasi identificazione persistente. | J32: =IFERROR(INDEX('Rischio residuo'!$I$2:$I$32,MATCH($A32,'Rischio residuo'!$A$2:$A$32,0)),"") -> 1 | K32: =IFERROR(INDEX('Rischio residuo'!$J$2:$J$32,MATCH($A32,'Rischio residuo'!$A$2:$A$32,0)),"") -> 5 | L32: =J32*K32 -> 5 | M32: =IFERROR(IF(L32>=16,"Critico",IF(L32>=10,"Alto",IF(L32>=5,"Medio","Basso"))),"") -> Medio | N32: =IF($M32="","",IF($M32="Basso","Accettazione",IF(IFERROR(INDEX('Rischio residuo'!$F$2:$F$32,MATCH($A32,'Rischio residuo'!$A$2:$A$32,0)),0)=0,"Trasferimento","Mitigazione"))) -> Mitigazione | O32: I. N. richieste, proposte tecniche o integrazioni che introducano identificazione persistente di individui > 0. | P32: I. Respingere o riprogettare richieste e integrazioni che introducano identificazione persistente (badge, matricola, riconoscimento facciale, correlazione ripetuta), documentando la valutazione di ogni richiesta. II. Rivedere annualmente la valutazione della deroga e aggiornarla ogni volta che cambia in modo sostanziale il sistema o il suo utilizzo. | Q32: Responsabile informatico | R32: Trimestrale | S32: =IF($N32="","",IF($N32="Accettazione","CHIUSO",IF($N32="Trasferimento","APERTO","MONITORATO"))) -> MONITORATO

Sheet Controlli
A1: # Rischio | B1: ID Rischio | C1: Controllo | D1: Descrizione controllo | E1: Copertura | F1: Affidabilità | G1: Efficacia | H1: Ruolo | I1: Peso | J1: LM (media pesata Efficacia)
A2: 1 | B2: =IFERROR(INDEX(Tabella!$B$2:$B$32,MATCH($A2,Tabella!$A$2:$A$32,0)),"") -> DEV-CHANGE-INTEGRITY_ISO | C2: Versionamento dev | D2: versionamento di codice, modelli, dataset, configurazioni | E2: 0.85 | F2: 0.95 | G2: =E2*F2 -> 0.8075 | H2: Primario | I2: =IF(TRIM(H2)="Primario", 3, IF(TRIM(H2)="Secondario", 2, IF(TRIM(H2)="Supporto", 1, 0))) -> 3 | J2: {=IFERROR(SUMPRODUCT(G:G,I:I,--($A:$A=$A2))/SUMIF($A:$A,$A2,I:I),0)} -> 0.69925
A3: 1 | B3: =IFERROR(INDEX(Tabella!$B$2:$B$32,MATCH($A3,Tabella!$A$2:$A$32,0)),"") -> DEV-CHANGE-INTEGRITY_ISO | C3: Rilascio controllato | D3: processo di rilascio con test, backup e rollback | E3: 0.85 | F3: 0.7 | G3: =E3*F3 -> 0.595 | H3: Primario | I3: =IF(TRIM(H3)="Primario", 3, IF(TRIM(H3)="Secondario", 2, IF(TRIM(H3)="Supporto", 1, 0))) -> 3 | J3: {=IFERROR(SUMPRODUCT(G:G,I:I,--($A:$A=$A3))/SUMIF($A:$A,$A3,I:I),0)} -> 0.69925
A4: 1 | B4: =IFERROR(INDEX(Tabella!$B$2:$B$32,MATCH($A4,Tabella!$A$2:$A$32,0)),"") -> DEV-CHANGE-INTEGRITY_ISO | C4: Hash modello | D4: hash del modello registrato per verificarne l'integrità | E4: 0.95 | F4: 0.95 | G4: =E4*F4 -> 0.9025 | H4: Secondario | I4: =IF(TRIM(H4)="Primario", 3, IF(TRIM(H4)="Secondario", 2, IF(TRIM(H4)="Supporto", 1, 0))) -> 2 | J4: {=IFERROR(SUMPRODUCT(G:G,I:I,--($A:$A=$A4))/SUMIF($A:$A,$A4,I:I),0)} -> 0.69925
A5: 1 | B5: =IFERROR(INDEX(Tabella!$B$2:$B$32,MATCH($A5,Tabella!$A$2:$A$32,0)),"") -> DEV-CHANGE-INTEGRITY_ISO | C5: Collaudo pre-rilascio | D5: test in ambiente di collaudo prima della distribuzione | E5: 0.7 | F5: 0.7 | G5: =E5*F5 -> 0.49 | H5: Secondario | I5: =IF(TRIM(H5)="Primario", 3, IF(TRIM(H5)="Secondario", 2, IF(TRIM(H5)="Supporto", 1, 0))) -> 2 | J5: {=IFERROR(SUMPRODUCT(G:G,I:I,--($A:$A=$A5))/SUMIF($A:$A,$A5,I:I),0)} -> 0.69925
A6: 2 | B6: =IFERROR(INDEX(Tabella!$B$2:$B$32,MATCH($A6,Tabella!$A$2:$A$32,0)),"") -> DEV-SCALABILITY-LATENCY | C6: Architettura Edge+Core | D6: architettura Edge+Core con elaborazione locale | E6: 0.85 | F6: 0.95 | G6: =E6*F6 -> 0.8075 | H6: Primario | I6: =IF(TRIM(H6)="Primario", 3, IF(TRIM(H6)="Secondario", 2, IF(TRIM(H6)="Supporto", 1, 0))) -> 3 | J6: {=IFERROR(SUMPRODUCT(G:G,I:I,--($A:$A=$A6))/SUMIF($A:$A,$A6,I:I),0)} -> 0.7225
A7: 2 | B7: =IFERROR(INDEX(Tabella!$B$2:$B$32,MATCH($A7,Tabella!$A$2:$A$32,0)),"") -> DEV-SCALABILITY-LATENCY | C7: Monitoraggio prestazioni | D7: monitoraggio delle prestazioni e verifica della latenza dopo il rilascio | E7: 0.7 | F7: 0.85 | G7: =E7*F7 -> 0.595 | H7: Secondario | I7: =IF(TRIM(H7)="Primario", 3, IF(TRIM(H7)="Secondario", 2, IF(TRIM(H7)="Supporto", 1, 0))) -> 2 | J7: {=IFERROR(SUMPRODUCT(G:G,I:I,--($A:$A=$A7))/SUMIF($A:$A,$A7,I:I),0)} -> 0.7225
A8: 3 | B8: =IFERROR(INDEX(Tabella!$B$2:$B$32,MATCH($A8,Tabella!$A$2:$A$32,0)),"") -> DATA-DATASET-POISONING | C8: Retraining non automatico | D8: retraining non automatico (gate umano prima di ogni aggiornamento) | E8: 0.85 | F8: 0.7 | G8: =E8*F8 -> 0.595 | H8: Primario | I8: =IF(TRIM(H8)="Primario", 3, IF(TRIM(H8)="Secondario", 2, IF(TRIM(H8)="Supporto", 1, 0))) -> 3 | J8: {=IFERROR(SUMPRODUCT(G:G,I:I,--($A:$A=$A8))/SUMIF($A:$A,$A8,I:I),0)} -> 0.56875
A9: 3 | B9: =IFERROR(INDEX(Tabella!$B$2:$B$32,MATCH($A9,Tabella!$A$2:$A$32,0)),"") -> DATA-DATASET-POISONING | C9: Tracciabilità dati | D9: immagini selezionate, annotate e tracciate; metadati su origine ed esiti | E9: 0.7 | F9: 0.7 | G9: =E9*F9 -> 0.49 | H9: Supporto | I9: =IF(TRIM(H9)="Primario", 3, IF(TRIM(H9)="Secondario", 2, IF(TRIM(H9)="Supporto", 1, 0))) -> 1 | J9: {=IFERROR(SUMPRODUCT(G:G,I:I,--($A:$A=$A9))/SUMIF($A:$A,$A9,I:I),0)} -> 0.56875
A10: 4 | B10: =IFERROR(INDEX(Tabella!$B$2:$B$32,MATCH($A10,Tabella!$A$2:$A$32,0)),"") -> DATA-QUALITY-VALIDATION | C10: Dataset multi-fonte | D10: dataset costruito da fonti diverse, con tecniche di bilanciamento | E10: 0.7 | F10: 0.95 | G10: =E10*F10 -> 0.665 | H10: Primario | I10: =IF(TRIM(H10)="Primario", 3, IF(TRIM(H10)="Secondario", 2, IF(TRIM(H10)="Supporto", 1, 0))) -> 3 | J10: {=IFERROR(SUMPRODUCT(G:G,I:I,--($A:$A=$A10))/SUMIF($A:$A,$A10,I:I),0)} -> 0.62125
A11: 4 | B11: =IFERROR(INDEX(Tabella!$B$2:$B$32,MATCH($A11,Tabella!$A$2:$A$32,0)),"") -> DATA-QUALITY-VALIDATION | C11: Validazione test | D11: validazione delle prestazioni su dataset di test | E11: 0.85 | F11: 0.7 | G11: =E11*F11 -> 0.595 | H11: Secondario | I11: =IF(TRIM(H11)="Primario", 3, IF(TRIM(H11)="Secondario", 2, IF(TRIM(H11)="Supporto", 1, 0))) -> 2 | J11: {=IFERROR(SUMPRODUCT(G:G,I:I,--($A:$A=$A11))/SUMIF($A:$A,$A11,I:I),0)} -> 0.62125
A12: 4 | B12: =IFERROR(INDEX(Tabella!$B$2:$B$32,MATCH($A12,Tabella!$A$2:$A$32,0)),"") -> DATA-QUALITY-VALIDATION | C12: Gate prestazioni minime | D12: rilascio subordinato al raggiungimento di prestazioni minime | E12: 0.85 | F12: 0.7 | G12: =E12*F12 -> 0.595 | H12: Primario | I12: =IF(TRIM(H12)="Primario", 3, IF(TRIM(H12)="Secondario", 2, IF(TRIM(H12)="Supporto", 1, 0))) -> 3 | J12: {=IFERROR(SUMPRODUCT(G:G,I:I,--($A:$A=$A12))/SUMIF($A:$A,$A12,I:I),0)} -> 0.62125
A13: 5 | B13: =IFERROR(INDEX(Tabella!$B$2:$B$32,MATCH($A13,Tabella!$A$2:$A$32,0)),"") -> IMP-SYSTEM-INTEGRATION-CONFIGURATION | C13: Installazione controllata | D13: installazione e configurazione controllata del sistema | E13: 0.7 | F13: 0.7 | G13: =E13*F13 -> 0.49 | H13: Primario | I13: =IF(TRIM(H13)="Primario", 3, IF(TRIM(H13)="Secondario", 2, IF(TRIM(H13)="Supporto", 1, 0))) -> 3 | J13: {=IFERROR(SUMPRODUCT(G:G,I:I,--($A:$A=$A13))/SUMIF($A:$A,$A13,I:I),0)} -> 0.52
... A30: 9 | B30: =IFERROR(INDEX(Tabella!$B$2:$B$32,MATCH($A30,Tabella!$A$2:$A$32,0)),"") -> INF-FALSE-NEGATIVE_ISO | C30: Monitoraggio contesto | D30: monitoraggio delle variazioni del contesto operativo | E30: 0.5 | F30: 0.5 | G30: =E30*F30 -> 0.25 | H30: Secondario | I30: =IF(TRIM(H30)="Primario", 3, IF(TRIM(H30)="Secondario", 2, IF(TRIM(H30)="Supporto", 1, 0))) -> 2 | J30: {=IFERROR(SUMPRODUCT(G:G,I:I,--($A:$A=$A30))/SUMIF($A:$A,$A30,I:I),0)} -> 0.55160714
A31: 10 | B31: =IFERROR(INDEX(Tabella!$B$2:$B$32,MATCH($A31,Tabella!$A$2:$A$32,0)),"") -> INF-FALSE-POSITIVE_ISO | C31: Conferma multi-frame | D31: filtro di inerzia: allarme generato solo dopo 5 frame consecutivi di non conformità | E31: =E28 -> 0.85 | F31: =F28 -> 0.85 | G31: =E31*F31 -> 0.7225 | H31: Primario | I31: =IF(TRIM(H31)="Primario", 3, IF(TRIM(H31)="Secondario", 2, IF(TRIM(H31)="Supporto", 1, 0))) -> 3 | J31: {=IFERROR(SUMPRODUCT(G:G,I:I,--($A:$A=$A31))/SUMIF($A:$A,$A31,I:I),0)} -> 0.45472222
A32: 10 | B32: =IFERROR(INDEX(Tabella!$B$2:$B$32,MATCH($A32,Tabella!$A$2:$A$32,0)),"") -> INF-FALSE-POSITIVE_ISO | C32: Verifica umana pre-azione | D32: verifica umana dello snapshot | E32: =E29 -> 0.85 | F32: =F29 -> 0.5 | G32: =E32*F32 -> 0.425 | H32: Primario | I32: =IF(TRIM(H32)="Primario", 3, IF(TRIM(H32)="Secondario", 2, IF(TRIM(H32)="Supporto", 1, 0))) -> 3 | J32: {=IFERROR(SUMPRODUCT(G:G,I:I,--($A:$A=$A32))/SUMIF($A:$A,$A32,I:I),0)} -> 0.45472222
A33: 10 | B33: =IFERROR(INDEX(Tabella!$B$2:$B$32,MATCH($A33,Tabella!$A$2:$A$32,0)),"") -> INF-FALSE-POSITIVE_ISO | C33: Canale segnalazione errori | D33: possibilità di segnalare errori | E33: 0.5 | F33: 0.3 | G33: =E33*F33 -> 0.15 | H33: Supporto | I33: =IF(TRIM(H33)="Primario", 3, IF(TRIM(H33)="Secondario", 2, IF(TRIM(H33)="Supporto", 1, 0))) -> 1 | J33: {=IFERROR(SUMPRODUCT(G:G,I:I,--($A:$A=$A33))/SUMIF($A:$A,$A33,I:I),0)} -> 0.45472222
A34: 10 | B34: =IFERROR(INDEX(Tabella!$B$2:$B$32,MATCH($A34,Tabella!$A$2:$A$32,0)),"") -> INF-FALSE-POSITIVE_ISO | C34: Monitoraggio contesto | D34: monitoraggio delle variazioni del contesto operativo | E34: =E30 -> 0.5 | F34: =F30 -> 0.5 | G34: =E34*F34 -> 0.25 | H34: Secondario | I34: =IF(TRIM(H34)="Primario", 3, IF(TRIM(H34)="Secondario", 2, IF(TRIM(H34)="Supporto", 1, 0))) -> 2 | J34: {=IFERROR(SUMPRODUCT(G:G,I:I,--($A:$A=$A34))/SUMIF($A:$A,$A34,I:I),0)} -> 0.45472222
A35: 11 | B35: =IFERROR(INDEX(Tabella!$B$2:$B$32,MATCH($A35,Tabella!$A$2:$A$32,0)),"") -> USE-AI-LITERACY-SUPERVISION_ISO | C35: Documentazione utenti | D35: documentazione e materiale informativo per gli operatori | E35: 0.7 | F35: 0.7 | G35: =E35*F35 -> 0.49 | H35: Secondario | I35: =IF(TRIM(H35)="Primario", 3, IF(TRIM(H35)="Secondario", 2, IF(TRIM(H35)="Supporto", 1, 0))) -> 2 | J35: {=IFERROR(SUMPRODUCT(G:G,I:I,--($A:$A=$A35))/SUMIF($A:$A,$A35,I:I),0)} -> 0.36333333
A36: 11 | B36: =IFERROR(INDEX(Tabella!$B$2:$B$32,MATCH($A36,Tabella!$A$2:$A$32,0)),"") -> USE-AI-LITERACY-SUPERVISION_ISO | C36: Formazione iniziale | D36: formazione iniziale sulla corretta interpretazione degli allarmi | E36: 0.7 | F36: 0.5 | G36: =E36*F36 -> 0.35 | H36: Primario | I36: =IF(TRIM(H36)="Primario", 3, IF(TRIM(H36)="Secondario", 2, IF(TRIM(H36)="Supporto", 1, 0))) -> 3 | J36: {=IFERROR(SUMPRODUCT(G:G,I:I,--($A:$A=$A36))/SUMIF($A:$A,$A36,I:I),0)} -> 0.36333333
A37: 11 | B37: =IFERROR(INDEX(Tabella!$B$2:$B$32,MATCH($A37,Tabella!$A$2:$A$32,0)),"") -> USE-AI-LITERACY-SUPERVISION_ISO | C37: Canale segnalazione | D37: canale dedicato per segnalare dubbi di interpretazione degli allarmi, errori e anomalie, con presa in carico tracciata | E37: 0.5 | F37: 0.3 | G37: =E37*F37 -> 0.15 | H37: Supporto | I37: =IF(TRIM(H37)="Primario", 3, IF(TRIM(H37)="Secondario", 2, IF(TRIM(H37)="Supporto", 1, 0))) -> 1 | J37: {=IFERROR(SUMPRODUCT(G:G,I:I,--($A:$A=$A37))/SUMIF($A:$A,$A37,I:I),0)} -> 0.36333333
A38: 12 | B38: =IFERROR(INDEX(Tabella!$B$2:$B$32,MATCH($A38,Tabella!$A$2:$A$32,0)),"") -> USE-OVERSIGHT-VERIFICATION-FAILURE_ISO | C38: Verifica umana pre-azione | D38: ogni allarme è verificato da un responsabile prima di qualsiasi intervento | E38: 0.85 | F38: 0.5 | G38: =E38*F38 -> 0.425 | H38: Primario | I38: =IF(TRIM(H38)="Primario", 3, IF(TRIM(H38)="Secondario", 2, IF(TRIM(H38)="Supporto", 1, 0))) -> 3 | J38: {=IFERROR(SUMPRODUCT(G:G,I:I,--($A:$A=$A38))/SUMIF($A:$A,$A38,I:I),0)} -> 0.35625
A39: 12 | B39: =IFERROR(INDEX(Tabella!$B$2:$B$32,MATCH($A39,Tabella!$A$2:$A$32,0)),"") -> USE-OVERSIGHT-VERIFICATION-FAILURE_ISO | C39: Canale segnalazione | D39: canale dedicato per segnalazione anomalie ed errori | E39: 0.5 | F39: 0.3 | G39: =E39*F39 -> 0.15 | H39: Supporto | I39: =IF(TRIM(H39)="Primario", 3, IF(TRIM(H39)="Secondario", 2, IF(TRIM(H39)="Supporto", 1, 0))) -> 1 | J39: {=IFERROR(SUMPRODUCT(G:G,I:I,--($A:$A=$A39))/SUMIF($A:$A,$A39,I:I),0)} -> 0.35625
A40: 13 | B40: =IFERROR(INDEX(Tabella!$B$2:$B$32,MATCH($A40,Tabella!$A$2:$A$32,0)),"") -> SEC-ACCESS-CREDENTIAL-MISUSE | C40: Credenziali dedicate | D40: credenziali dedicate, autenticazione, autorizzazione, revoca | E40: 0.7 | F40: 0.95 | G40: =E40*F40 -> 0.665 | H40: Primario | I40: =IF(TRIM(H40)="Primario", 3, IF(TRIM(H40)="Secondario", 2, IF(TRIM(H40)="Supporto", 1, 0))) -> 3 | J40: {=IFERROR(SUMPRODUCT(G:G,I:I,--($A:$A=$A40))/SUMIF($A:$A,$A40,I:I),0)} -> 0.73625
A41: 13 | B41: =IFERROR(INDEX(Tabella!$B$2:$B$32,MATCH($A41,Tabella!$A$2:$A$32,0)),"") -> SEC-ACCESS-CREDENTIAL-MISUSE | C41: Segregazione permessi | D41: segregazione dei permessi tra i componenti del sistema | E41: 0.85 | F41: 0.95 | G41: =E41*F41 -> 0.8075 | H41: Primario | I41: =IF(TRIM(H41)="Primario", 3, IF(TRIM(H41)="Secondario", 2, IF(TRIM(H41)="Supporto", 1, 0))) -> 3 | J41: {=IFERROR(SUMPRODUCT(G:G,I:I,--($A:$A=$A41))/SUMIF($A:$A,$A41,I:I),0)} -> 0.73625
A42: 14 | B42: =IFERROR(INDEX(Tabella!$B$2:$B$32,MATCH($A42,Tabella!$A$2:$A$32,0)),"") -> SEC-NETWORK-COMMUNICATION-COMPROMISE | C42: Segmentazione rete | D42: segmentazione di rete dedicata | E42: 0.95 | F42: 0.95 | G42: =E42*F42 -> 0.9025 | H42: Primario | I42: =IF(TRIM(H42)="Primario", 3, IF(TRIM(H42)="Secondario", 2, IF(TRIM(H42)="Supporto", 1, 0))) -> 3 | J42: {=IFERROR(SUMPRODUCT(G:G,I:I,--($A:$A=$A42))/SUMIF($A:$A,$A42,I:I),0)} -> 0.76833333
A43: 14 | B43: =IFERROR(INDEX(Tabella!$B$2:$B$32,MATCH($A43,Tabella!$A$2:$A$32,0)),"") -> SEC-NETWORK-COMMUNICATION-COMPROMISE | C43: Comunicazioni cifrate | D43: comunicazioni protette e autenticate tra i componenti | E43: 0.85 | F43: 0.95 | G43: =E43*F43 -> 0.8075 | H43: Primario | I43: =IF(TRIM(H43)="Primario", 3, IF(TRIM(H43)="Secondario", 2, IF(TRIM(H43)="Supporto", 1, 0))) -> 3 | J43: {=IFERROR(SUMPRODUCT(G:G,I:I,--($A:$A=$A43))/SUMIF($A:$A,$A43,I:I),0)} -> 0.76833333
A44: 14 | B44: =IFERROR(INDEX(Tabella!$B$2:$B$32,MATCH($A44,Tabella!$A$2:$A$32,0)),"") -> SEC-NETWORK-COMMUNICATION-COMPROMISE | C44: Verifica identità dispositivi | D44: controllo dell'identità dei componenti che comunicano | E44: 0.7 | F44: 0.85 | G44: =E44*F44 -> 0.595 | H44: Primario | I44: =IF(TRIM(H44)="Primario", 3, IF(TRIM(H44)="Secondario", 2, IF(TRIM(H44)="Supporto", 1, 0))) -> 3 | J44: {=IFERROR(SUMPRODUCT(G:G,I:I,--($A:$A=$A44))/SUMIF($A:$A,$A44,I:I),0)} -> 0.76833333
A45: 15 | B45: =IFERROR(INDEX(Tabella!$B$2:$B$32,MATCH($A45,Tabella!$A$2:$A$32,0)),"") -> SEC-RECON-VULNERABILITY-EXPLOITATION | C45: Segmentazione rete | D45: accesso ai servizi limitato alla rete interna | E45: 0.95 | F45: 0.95 | G45: =E45*F45 -> 0.9025 | H45: Primario | I45: =IF(TRIM(H45)="Primario", 3, IF(TRIM(H45)="Secondario", 2, IF(TRIM(H45)="Supporto", 1, 0))) -> 3 | J45: {=IFERROR(SUMPRODUCT(G:G,I:I,--($A:$A=$A45))/SUMIF($A:$A,$A45,I:I),0)} -> 0.5221875
A46: 15 | B46: =IFERROR(INDEX(Tabella!$B$2:$B$32,MATCH($A46,Tabella!$A$2:$A$32,0)),"") -> SEC-RECON-VULNERABILITY-EXPLOITATION | C46: Gestione versioni SW | D46: gestione controllata delle versioni software, test prima degli aggiornamenti | E46: 0.5 | F46: 0.7 | G46: =E46*F46 -> 0.35 | H46: Primario | I46: =IF(TRIM(H46)="Primario", 3, IF(TRIM(H46)="Secondario", 2, IF(TRIM(H46)="Supporto", 1, 0))) -> 3 | J46: {=IFERROR(SUMPRODUCT(G:G,I:I,--($A:$A=$A46))/SUMIF($A:$A,$A46,I:I),0)} -> 0.5221875
... A81: 31 | B81: =IFERROR(INDEX(Tabella!$B$2:$B$32,MATCH($A81,Tabella!$A$2:$A$32,0)),"") -> GOV-DEROGA-PROFILING-EXCLUSION -GDPR | C81: Assenza identificazione persistente | D81: il sistema rileva DPI e postura, non identità: nessun badge, matricola o riconoscimento facciale | E81: 0.95 | F81: 0.95 | G81: =E81*F81 -> 0.9025 | H81: Primario | I81: =IF(TRIM(H81)="Primario", 3, IF(TRIM(H81)="Secondario", 2, IF(TRIM(H81)="Supporto", 1, 0))) -> 3 | J81: {=IFERROR(SUMPRODUCT(G:G,I:I,--($A:$A=$A81))/SUMIF($A:$A,$A81,I:I),0)} -> 0.9025

Sheet Rischio residuo
A1: # | B1: ID Rischio | C1: P | D1: I | E1: P×I | F1: LM | G1: Riduce P | H1: Riduce I | I1: calcolo Pr | J1: calcolo Ir | K1: P×I | L1: rischi sopra soglia
A2: =Tabella!A2 -> 1 | B2: =IFERROR(INDEX(Tabella!$B$2:$B$32,MATCH($A2,Tabella!$A$2:$A$32,0)),"") -> DEV-CHANGE-INTEGRITY_ISO | C2: =IFERROR(INDEX(Tabella!$E$2:$E$32,MATCH($A2,Tabella!$A$2:$A$32,0)),"") -> 3 | D2: =IFERROR(INDEX(Tabella!$F$2:$F$32,MATCH($A2,Tabella!$A$2:$A$32,0)),"") -> 4 | E2: =C2*D2 -> 12 | F2: =IFERROR(INDEX(Controlli!$J$2:$J$83,MATCH($A2,Controlli!$A$2:$A$83,0)),0) -> 0.69925 | G2: X | I2: =ROUNDUP(IF(G2="X", MAX(1, C2 * (1 - F2)), C2), 0) -> 1 | J2: =ROUNDUP(IF(H2="X", MAX(1, D2*(1-F2)), D2), 0) -> 4 | K2: =I2*J2 -> 4
A3: =Tabella!A3 -> 2 | B3: =IFERROR(INDEX(Tabella!$B$2:$B$32,MATCH($A3,Tabella!$A$2:$A$32,0)),"") -> DEV-SCALABILITY-LATENCY | C3: =IFERROR(INDEX(Tabella!$E$2:$E$32,MATCH($A3,Tabella!$A$2:$A$32,0)),"") -> 2 | D3: =IFERROR(INDEX(Tabella!$F$2:$F$32,MATCH($A3,Tabella!$A$2:$A$32,0)),"") -> 2 | E3: =C3*D3 -> 4 | F3: =IFERROR(INDEX(Controlli!$J$2:$J$83,MATCH($A3,Controlli!$A$2:$A$83,0)),0) -> 0.7225 | G3: X | I3: =ROUNDUP(IF(G3="X", MAX(1, C3 * (1 - F3)), C3), 0) -> 1 | J3: =ROUNDUP(IF(H3="X", MAX(1, D3*(1-F3)), D3), 0) -> 2 | K3: =I3*J3 -> 2
A4: =Tabella!A4 -> 3 | B4: =IFERROR(INDEX(Tabella!$B$2:$B$32,MATCH($A4,Tabella!$A$2:$A$32,0)),"") -> DATA-DATASET-POISONING | C4: =IFERROR(INDEX(Tabella!$E$2:$E$32,MATCH($A4,Tabella!$A$2:$A$32,0)),"") -> 2 | D4: =IFERROR(INDEX(Tabella!$F$2:$F$32,MATCH($A4,Tabella!$A$2:$A$32,0)),"") -> 4 | E4: =C4*D4 -> 8 | F4: =IFERROR(INDEX(Controlli!$J$2:$J$83,MATCH($A4,Controlli!$A$2:$A$83,0)),0) -> 0.56875 | G4: X | I4: =ROUNDUP(IF(G4="X", MAX(1, C4 * (1 - F4)), C4), 0) -> 1 | J4: =ROUNDUP(IF(H4="X", MAX(1, D4*(1-F4)), D4), 0) -> 4 | K4: =I4*J4 -> 4
A5: =Tabella!A5 -> 4 | B5: =IFERROR(INDEX(Tabella!$B$2:$B$32,MATCH($A5,Tabella!$A$2:$A$32,0)),"") -> DATA-QUALITY-VALIDATION | C5: =IFERROR(INDEX(Tabella!$E$2:$E$32,MATCH($A5,Tabella!$A$2:$A$32,0)),"") -> 4 | D5: =IFERROR(INDEX(Tabella!$F$2:$F$32,MATCH($A5,Tabella!$A$2:$A$32,0)),"") -> 3 | E5: =C5*D5 -> 12 | F5: =IFERROR(INDEX(Controlli!$J$2:$J$83,MATCH($A5,Controlli!$A$2:$A$83,0)),0) -> 0.62125 | G5: X | I5: =ROUNDUP(IF(G5="X", MAX(1, C5 * (1 - F5)), C5), 0) -> 2 | J5: =ROUNDUP(IF(H5="X", MAX(1, D5*(1-F5)), D5), 0) -> 3 | K5: =I5*J5 -> 6
A6: =Tabella!A6 -> 5 | B6: =IFERROR(INDEX(Tabella!$B$2:$B$32,MATCH($A6,Tabella!$A$2:$A$32,0)),"") -> IMP-SYSTEM-INTEGRATION-CONFIGURATION | C6: =IFERROR(INDEX(Tabella!$E$2:$E$32,MATCH($A6,Tabella!$A$2:$A$32,0)),"") -> 3 | D6: =IFERROR(INDEX(Tabella!$F$2:$F$32,MATCH($A6,Tabella!$A$2:$A$32,0)),"") -> 3 | E6: =C6*D6 -> 9 | F6: =IFERROR(INDEX(Controlli!$J$2:$J$83,MATCH($A6,Controlli!$A$2:$A$83,0)),0) -> 0.52 | G6: X | I6: =ROUNDUP(IF(G6="X", MAX(1, C6 * (1 - F6)), C6), 0) -> 2 | J6: =ROUNDUP(IF(H6="X", MAX(1, D6*(1-F6)), D6), 0) -> 3 | K6: =I6*J6 -> 6
A7: =Tabella!A7 -> 6 | B7: =IFERROR(INDEX(Tabella!$B$2:$B$32,MATCH($A7,Tabella!$A$2:$A$32,0)),"") -> DATA-LOSS | C7: =IFERROR(INDEX(Tabella!$E$2:$E$32,MATCH($A7,Tabella!$A$2:$A$32,0)),"") -> 2 | D7: =IFERROR(INDEX(Tabella!$F$2:$F$32,MATCH($A7,Tabella!$A$2:$A$32,0)),"") -> 4 | E7: =C7*D7 -> 8 | F7: =IFERROR(INDEX(Controlli!$J$2:$J$83,MATCH($A7,Controlli!$A$2:$A$83,0)),0) -> 0.73321429 | H7: X | I7: =ROUNDUP(IF(G7="X", MAX(1, C7 * (1 - F7)), C7), 0) -> 2 | J7: =ROUNDUP(IF(H7="X", MAX(1, D7*(1-F7)), D7), 0) -> 2 | K7: =I7*J7 -> 4
A8: =Tabella!A8 -> 7 | B8: =IFERROR(INDEX(Tabella!$B$2:$B$32,MATCH($A8,Tabella!$A$2:$A$32,0)),"") -> OPS-PIPELINE-CAPACITY-FAILURE | C8: =IFERROR(INDEX(Tabella!$E$2:$E$32,MATCH($A8,Tabella!$A$2:$A$32,0)),"") -> 3 | D8: =IFERROR(INDEX(Tabella!$F$2:$F$32,MATCH($A8,Tabella!$A$2:$A$32,0)),"") -> 3 | E8: =C8*D8 -> 9 | F8: =IFERROR(INDEX(Controlli!$J$2:$J$83,MATCH($A8,Controlli!$A$2:$A$83,0)),0) -> 0.42555556 | G8: X | I8: =ROUNDUP(IF(G8="X", MAX(1, C8 * (1 - F8)), C8), 0) -> 2 | J8: =ROUNDUP(IF(H8="X", MAX(1, D8*(1-F8)), D8), 0) -> 3 | K8: =I8*J8 -> 6
A9: =Tabella!A9 -> 8 | B9: =IFERROR(INDEX(Tabella!$B$2:$B$32,MATCH($A9,Tabella!$A$2:$A$32,0)),"") -> INF-OUT-OF-DISTRIBUTION_ISO | C9: =IFERROR(INDEX(Tabella!$E$2:$E$32,MATCH($A9,Tabella!$A$2:$A$32,0)),"") -> 3 | D9: =IFERROR(INDEX(Tabella!$F$2:$F$32,MATCH($A9,Tabella!$A$2:$A$32,0)),"") -> 4 | E9: =C9*D9 -> 12 | F9: =IFERROR(INDEX(Controlli!$J$2:$J$83,MATCH($A9,Controlli!$A$2:$A$83,0)),0) -> 0.51714286 | G9: X | I9: =ROUNDUP(IF(G9="X", MAX(1, C9 * (1 - F9)), C9), 0) -> 2 | J9: =ROUNDUP(IF(H9="X", MAX(1, D9*(1-F9)), D9), 0) -> 4 | K9: =I9*J9 -> 8
A10: =Tabella!A10 -> 9 | B10: =IFERROR(INDEX(Tabella!$B$2:$B$32,MATCH($A10,Tabella!$A$2:$A$32,0)),"") -> INF-FALSE-NEGATIVE_ISO | C10: =IFERROR(INDEX(Tabella!$E$2:$E$32,MATCH($A10,Tabella!$A$2:$A$32,0)),"") -> 4 | D10: =IFERROR(INDEX(Tabella!$F$2:$F$32,MATCH($A10,Tabella!$A$2:$A$32,0)),"") -> 4 | E10: =C10*D10 -> 16 | F10: =IFERROR(INDEX(Controlli!$J$2:$J$83,MATCH($A10,Controlli!$A$2:$A$83,0)),0) -> 0.55160714 | G10: X | I10: =ROUNDUP(IF(G10="X", MAX(1, C10 * (1 - F10)), C10), 0) -> 2 | J10: =ROUNDUP(IF(H10="X", MAX(1, D10*(1-F10)), D10), 0) -> 4 | K10: =I10*J10 -> 8
A11: =Tabella!A11 -> 10 | B11: =IFERROR(INDEX(Tabella!$B$2:$B$32,MATCH($A11,Tabella!$A$2:$A$32,0)),"") -> INF-FALSE-POSITIVE_ISO | C11: =IFERROR(INDEX(Tabella!$E$2:$E$32,MATCH($A11,Tabella!$A$2:$A$32,0)),"") -> 4 | D11: =IFERROR(INDEX(Tabella!$F$2:$F$32,MATCH($A11,Tabella!$A$2:$A$32,0)),"") -> 4 | E11: =C11*D11 -> 16 | F11: =IFERROR(INDEX(Controlli!$J$2:$J$83,MATCH($A11,Controlli!$A$2:$A$83,0)),0) -> 0.45472222 | G11: X | I11: =ROUNDUP(IF(G11="X", MAX(1, C11 * (1 - F11)), C11), 0) -> 3 | J11: =ROUNDUP(IF(H11="X", MAX(1, D11*(1-F11)), D11), 0) -> 4 | K11: =I11*J11 -> 12
A12: =Tabella!A12 -> 11 | B12: =IFERROR(INDEX(Tabella!$B$2:$B$32,MATCH($A12,Tabella!$A$2:$A$32,0)),"") -> USE-AI-LITERACY-SUPERVISION_ISO | C12: =IFERROR(INDEX(Tabella!$E$2:$E$32,MATCH($A12,Tabella!$A$2:$A$32,0)),"") -> 3 | D12: =IFERROR(INDEX(Tabella!$F$2:$F$32,MATCH($A12,Tabella!$A$2:$A$32,0)),"") -> 4 | E12: =C12*D12 -> 12 | F12: =IFERROR(INDEX(Controlli!$J$2:$J$83,MATCH($A12,Controlli!$A$2:$A$83,0)),0) -> 0.36333333 | G12: X | I12: =ROUNDUP(IF(G12="X", MAX(1, C12 * (1 - F12)), C12), 0) -> 2 | J12: =ROUNDUP(IF(H12="X", MAX(1, D12*(1-F12)), D12), 0) -> 4 | K12: =I12*J12 -> 8
A13: =Tabella!A13 -> 12 | B13: =IFERROR(INDEX(Tabella!$B$2:$B$32,MATCH($A13,Tabella!$A$2:$A$32,0)),"") -> USE-OVERSIGHT-VERIFICATION-FAILURE_ISO | C13: =IFERROR(INDEX(Tabella!$E$2:$E$32,MATCH($A13,Tabella!$A$2:$A$32,0)),"") -> 3 | D13: =IFERROR(INDEX(Tabella!$F$2:$F$32,MATCH($A13,Tabella!$A$2:$A$32,0)),"") -> 4 | E13: =C13*D13 -> 12 | F13: =IFERROR(INDEX(Controlli!$J$2:$J$83,MATCH($A13,Controlli!$A$2:$A$83,0)),0) -> 0.35625 | G13: X | I13: =ROUNDUP(IF(G13="X", MAX(1, C13 * (1 - F13)), C13), 0) -> 2 | J13: =ROUNDUP(IF(H13="X", MAX(1, D13*(1-F13)), D13), 0) -> 4 | K13: =I13*J13 -> 8
A14: =Tabella!A14 -> 13 | B14: =IFERROR(INDEX(Tabella!$B$2:$B$32,MATCH($A14,Tabella!$A$2:$A$32,0)),"") -> SEC-ACCESS-CREDENTIAL-MISUSE | C14: =IFERROR(INDEX(Tabella!$E$2:$E$32,MATCH($A14,Tabella!$A$2:$A$32,0)),"") -> 3 | D14: =IFERROR(INDEX(Tabella!$F$2:$F$32,MATCH($A14,Tabella!$A$2:$A$32,0)),"") -> 4 | E14: =C14*D14 -> 12 | F14: =IFERROR(INDEX(Controlli!$J$2:$J$83,MATCH($A14,Controlli!$A$2:$A$83,0)),0) -> 0.73625 | G14: X | I14: =ROUNDUP(IF(G14="X", MAX(1, C14 * (1 - F14)), C14), 0) -> 1 | J14: =ROUNDUP(IF(H14="X", MAX(1, D14*(1-F14)), D14), 0) -> 4 | K14: =I14*J14 -> 4
A15: =Tabella!A15 -> 14 | B15: =IFERROR(INDEX(Tabella!$B$2:$B$32,MATCH($A15,Tabella!$A$2:$A$32,0)),"") -> SEC-NETWORK-COMMUNICATION-COMPROMISE | C15: =IFERROR(INDEX(Tabella!$E$2:$E$32,MATCH($A15,Tabella!$A$2:$A$32,0)),"") -> 2 | D15: =IFERROR(INDEX(Tabella!$F$2:$F$32,MATCH($A15,Tabella!$A$2:$A$32,0)),"") -> 4 | E15: =C15*D15 -> 8 | F15: =IFERROR(INDEX(Controlli!$J$2:$J$83,MATCH($A15,Controlli!$A$2:$A$83,0)),0) -> 0.76833333 | G15: X | I15: =ROUNDUP(IF(G15="X", MAX(1, C15 * (1 - F15)), C15), 0) -> 1 | J15: =ROUNDUP(IF(H15="X", MAX(1, D15*(1-F15)), D15), 0) -> 4 | K15: =I15*J15 -> 4
A16: =Tabella!A16 -> 15 | B16: =IFERROR(INDEX(Tabella!$B$2:$B$32,MATCH($A16,Tabella!$A$2:$A$32,0)),"") -> SEC-RECON-VULNERABILITY-EXPLOITATION | C16: =IFERROR(INDEX(Tabella!$E$2:$E$32,MATCH($A16,Tabella!$A$2:$A$32,0)),"") -> 2 | D16: =IFERROR(INDEX(Tabella!$F$2:$F$32,MATCH($A16,Tabella!$A$2:$A$32,0)),"") -> 4 | E16: =C16*D16 -> 8 | F16: =IFERROR(INDEX(Controlli!$J$2:$J$83,MATCH($A16,Controlli!$A$2:$A$83,0)),0) -> 0.5221875 | G16: X | I16: =ROUNDUP(IF(G16="X", MAX(1, C16 * (1 - F16)), C16), 0) -> 1 | J16: =ROUNDUP(IF(H16="X", MAX(1, D16*(1-F16)), D16), 0) -> 4 | K16: =I16*J16 -> 4
A17: =Tabella!A17 -> 16 | B17: =IFERROR(INDEX(Tabella!$B$2:$B$32,MATCH($A17,Tabella!$A$2:$A$32,0)),"") -> SEC-INTENTIONAL-DATA-MODEL-CHANGE | C17: =IFERROR(INDEX(Tabella!$E$2:$E$32,MATCH($A17,Tabella!$A$2:$A$32,0)),"") -> 2 | D17: =IFERROR(INDEX(Tabella!$F$2:$F$32,MATCH($A17,Tabella!$A$2:$A$32,0)),"") -> 5 | E17: =C17*D17 -> 10 | F17: =IFERROR(INDEX(Controlli!$J$2:$J$83,MATCH($A17,Controlli!$A$2:$A$83,0)),0) -> 0.68285714 | G17: X | I17: =ROUNDUP(IF(G17="X", MAX(1, C17 * (1 - F17)), C17), 0) -> 1 | J17: =ROUNDUP(IF(H17="X", MAX(1, D17*(1-F17)), D17), 0) -> 5 | K17: =I17*J17 -> 5
A18: =Tabella!A18 -> 17 | B18: =IFERROR(INDEX(Tabella!$B$2:$B$32,MATCH($A18,Tabella!$A$2:$A$32,0)),"") -> SEC-MALWARE | C18: =IFERROR(INDEX(Tabella!$E$2:$E$32,MATCH($A18,Tabella!$A$2:$A$32,0)),"") -> 3 | D18: =IFERROR(INDEX(Tabella!$F$2:$F$32,MATCH($A18,Tabella!$A$2:$A$32,0)),"") -> 4 | E18: =C18*D18 -> 12 | F18: =IFERROR(INDEX(Controlli!$J$2:$J$83,MATCH($A18,Controlli!$A$2:$A$83,0)),0) -> 0.63925 | G18: X | H18: X | I18: =ROUNDUP(IF(G18="X", MAX(1, C18 * (1 - F18)), C18), 0) -> 2 | J18: =ROUNDUP(IF(H18="X", MAX(1, D18*(1-F18)), D18), 0) -> 2 | K18: =I18*J18 -> 4
A19: =Tabella!A19 -> 18 | B19: =IFERROR(INDEX(Tabella!$B$2:$B$32,MATCH($A19,Tabella!$A$2:$A$32,0)),"") -> SEC-DENIAL-OF-SERVICE | C19: =IFERROR(INDEX(Tabella!$E$2:$E$32,MATCH($A19,Tabella!$A$2:$A$32,0)),"") -> 2 | D19: =IFERROR(INDEX(Tabella!$F$2:$F$32,MATCH($A19,Tabella!$A$2:$A$32,0)),"") -> 3 | E19: =C19*D19 -> 6 | F19: =IFERROR(INDEX(Controlli!$J$2:$J$83,MATCH($A19,Controlli!$A$2:$A$83,0)),0) -> 0.7795 | G19: X | I19: =ROUNDUP(IF(G19="X", MAX(1, C19 * (1 - F19)), C19), 0) -> 1 | J19: =ROUNDUP(IF(H19="X", MAX(1, D19*(1-F19)), D19), 0) -> 3 | K19: =I19*J19 -> 3
A20: =Tabella!A20 -> 19 | B20: =IFERROR(INDEX(Tabella!$B$2:$B$32,MATCH($A20,Tabella!$A$2:$A$32,0)),"") -> CONT-ENVIRONMENTAL-EXPOSURE | C20: =IFERROR(INDEX(Tabella!$E$2:$E$32,MATCH($A20,Tabella!$A$2:$A$32,0)),"") -> 3 | D20: =IFERROR(INDEX(Tabella!$F$2:$F$32,MATCH($A20,Tabella!$A$2:$A$32,0)),"") -> 3 | E20: =C20*D20 -> 9 | F20: =IFERROR(INDEX(Controlli!$J$2:$J$83,MATCH($A20,Controlli!$A$2:$A$83,0)),0) -> 0 | I20: =ROUNDUP(IF(G20="X", MAX(1, C20 * (1 - F20)), C20), 0) -> 3 | J20: =ROUNDUP(IF(H20="X", MAX(1, D20*(1-F20)), D20), 0) -> 3 | K20: =I20*J20 -> 9
A21: =Tabella!A21 -> 20 | B21: =IFERROR(INDEX(Tabella!$B$2:$B$32,MATCH($A21,Tabella!$A$2:$A$32,0)),"") -> CONT-INFRASTRUCTURE-EQUIPMENT-FAILURE | C21: =IFERROR(INDEX(Tabella!$E$2:$E$32,MATCH($A21,Tabella!$A$2:$A$32,0)),"") -> 3 | D21: =IFERROR(INDEX(Tabella!$F$2:$F$32,MATCH($A21,Tabella!$A$2:$A$32,0)),"") -> 4 | E21: =C21*D21 -> 12 | F21: =IFERROR(INDEX(Controlli!$J$2:$J$83,MATCH($A21,Controlli!$A$2:$A$83,0)),0) -> 0 | I21: =ROUNDUP(IF(G21="X", MAX(1, C21 * (1 - F21)), C21), 0) -> 3 | J21: =ROUNDUP(IF(H21="X", MAX(1, D21*(1-F21)), D21), 0) -> 4 | K21: =I21*J21 -> 12
A22: =Tabella!A22 -> 21 | B22: =IFERROR(INDEX(Tabella!$B$2:$B$32,MATCH($A22,Tabella!$A$2:$A$32,0)),"") -> CONT-UNAUTHORIZED-PHYSICAL-ACCESS | C22: =IFERROR(INDEX(Tabella!$E$2:$E$32,MATCH($A22,Tabella!$A$2:$A$32,0)),"") -> 2 | D22: =IFERROR(INDEX(Tabella!$F$2:$F$32,MATCH($A22,Tabella!$A$2:$A$32,0)),"") -> 4 | E22: =C22*D22 -> 8 | F22: =IFERROR(INDEX(Controlli!$J$2:$J$83,MATCH($A22,Controlli!$A$2:$A$83,0)),0) -> 0 | I22: =ROUNDUP(IF(G22="X", MAX(1, C22 * (1 - F22)), C22), 0) -> 2 | J22: =ROUNDUP(IF(H22="X", MAX(1, D22*(1-F22)), D22), 0) -> 4 | K22: =I22*J22 -> 8
A23: =Tabella!A23 -> 22 | B23: =IFERROR(INDEX(Tabella!$B$2:$B$32,MATCH($A23,Tabella!$A$2:$A$32,0)),"") -> CONT-STAFF-UNAVAILABILITY | C23: =IFERROR(INDEX(Tabella!$E$2:$E$32,MATCH($A23,Tabella!$A$2:$A$32,0)),"") -> 2 | D23: =IFERROR(INDEX(Tabella!$F$2:$F$32,MATCH($A23,Tabella!$A$2:$A$32,0)),"") -> 3 | E23: =C23*D23 -> 6 | F23: =IFERROR(INDEX(Controlli!$J$2:$J$83,MATCH($A23,Controlli!$A$2:$A$83,0)),0) -> 0 | I23: =ROUNDUP(IF(G23="X", MAX(1, C23 * (1 - F23)), C23), 0) -> 2 | J23: =ROUNDUP(IF(H23="X", MAX(1, D23*(1-F23)), D23), 0) -> 3 | K23: =I23*J23 -> 6
A24: =Tabella!A24 -> 23 | B24: =IFERROR(INDEX(Tabella!$B$2:$B$32,MATCH($A24,Tabella!$A$2:$A$32,0)),"") -> PRIV-UNLAWFUL-DATA-PROCESSING_GDPR | C24: =IFERROR(INDEX(Tabella!$E$2:$E$32,MATCH($A24,Tabella!$A$2:$A$32,0)),"") -> 3 | D24: =IFERROR(INDEX(Tabella!$F$2:$F$32,MATCH($A24,Tabella!$A$2:$A$32,0)),"") -> 4 | E24: =C24*D24 -> 12 | F24: =IFERROR(INDEX(Controlli!$J$2:$J$83,MATCH($A24,Controlli!$A$2:$A$83,0)),0) -> 0.70222222 | G24: X | I24: =ROUNDUP(IF(G24="X", MAX(1, C24 * (1 - F24)), C24), 0) -> 1 | J24: =ROUNDUP(IF(H24="X", MAX(1, D24*(1-F24)), D24), 0) -> 4 | K24: =I24*J24 -> 4
A25: =Tabella!A25 -> 24 | B25: =IFERROR(INDEX(Tabella!$B$2:$B$32,MATCH($A25,Tabella!$A$2:$A$32,0)),"") -> PRIV-RETENTION-SUBJECT-RIGHTS_GDPR | C25: =IFERROR(INDEX(Tabella!$E$2:$E$32,MATCH($A25,Tabella!$A$2:$A$32,0)),"") -> 3 | D25: =IFERROR(INDEX(Tabella!$F$2:$F$32,MATCH($A25,Tabella!$A$2:$A$32,0)),"") -> 3 | E25: =C25*D25 -> 9 | F25: =IFERROR(INDEX(Controlli!$J$2:$J$83,MATCH($A25,Controlli!$A$2:$A$83,0)),0) -> 0.67388889 | G25: X | I25: =ROUNDUP(IF(G25="X", MAX(1, C25 * (1 - F25)), C25), 0) -> 1 | J25: =ROUNDUP(IF(H25="X", MAX(1, D25*(1-F25)), D25), 0) -> 3 | K25: =I25*J25 -> 3
A26: =Tabella!A26 -> 25 | B26: =IFERROR(INDEX(Tabella!$B$2:$B$32,MATCH($A26,Tabella!$A$2:$A$32,0)),"") -> SUP-SUPPLIER-DEPENDENCY_ISO | C26: =IFERROR(INDEX(Tabella!$E$2:$E$32,MATCH($A26,Tabella!$A$2:$A$32,0)),"") -> 2 | D26: =IFERROR(INDEX(Tabella!$F$2:$F$32,MATCH($A26,Tabella!$A$2:$A$32,0)),"") -> 3 | E26: =C26*D26 -> 6 | F26: =IFERROR(INDEX(Controlli!$J$2:$J$83,MATCH($A26,Controlli!$A$2:$A$83,0)),0) -> 0.425 | G26: X | I26: =ROUNDUP(IF(G26="X", MAX(1, C26 * (1 - F26)), C26), 0) -> 2 | J26: =ROUNDUP(IF(H26="X", MAX(1, D26*(1-F26)), D26), 0) -> 3 | K26: =I26*J26 -> 6
A27: =Tabella!A27 -> 26 | B27: =IFERROR(INDEX(Tabella!$B$2:$B$32,MATCH($A27,Tabella!$A$2:$A$32,0)),"") -> GOV-DOCUMENTATION-TRANSPARENCY -GDPR | C27: =IFERROR(INDEX(Tabella!$E$2:$E$32,MATCH($A27,Tabella!$A$2:$A$32,0)),"") -> 3 | D27: =IFERROR(INDEX(Tabella!$F$2:$F$32,MATCH($A27,Tabella!$A$2:$A$32,0)),"") -> 3 | E27: =C27*D27 -> 9 | F27: =IFERROR(INDEX(Controlli!$J$2:$J$83,MATCH($A27,Controlli!$A$2:$A$83,0)),0) -> 0.5425 | G27: X | I27: =ROUNDUP(IF(G27="X", MAX(1, C27 * (1 - F27)), C27), 0) -> 2 | J27: =ROUNDUP(IF(H27="X", MAX(1, D27*(1-F27)), D27), 0) -> 3 | K27: =I27*J27 -> 6
A28: =Tabella!A28 -> 27 | B28: =IFERROR(INDEX(Tabella!$B$2:$B$32,MATCH($A28,Tabella!$A$2:$A$32,0)),"") -> GOV-ACCOUNTABILITY-AUDITABILITY -GDPR | C28: =IFERROR(INDEX(Tabella!$E$2:$E$32,MATCH($A28,Tabella!$A$2:$A$32,0)),"") -> 3 | D28: =IFERROR(INDEX(Tabella!$F$2:$F$32,MATCH($A28,Tabella!$A$2:$A$32,0)),"") -> 4 | E28: =C28*D28 -> 12 | F28: =IFERROR(INDEX(Controlli!$J$2:$J$83,MATCH($A28,Controlli!$A$2:$A$83,0)),0) -> 0.5425 | G28: X | I28: =ROUNDUP(IF(G28="X", MAX(1, C28 * (1 - F28)), C28), 0) -> 2 | J28: =ROUNDUP(IF(H28="X", MAX(1, D28*(1-F28)), D28), 0) -> 4 | K28: =I28*J28 -> 8
A29: =Tabella!A29 -> 28 | B29: =IFERROR(INDEX(Tabella!$B$2:$B$32,MATCH($A29,Tabella!$A$2:$A$32,0)),"") -> GOV-AI-CLASSIFICATION | C29: =IFERROR(INDEX(Tabella!$E$2:$E$32,MATCH($A29,Tabella!$A$2:$A$32,0)),"") -> 2 | D29: =IFERROR(INDEX(Tabella!$F$2:$F$32,MATCH($A29,Tabella!$A$2:$A$32,0)),"") -> 4 | E29: =C29*D29 -> 8 | F29: =IFERROR(INDEX(Controlli!$J$2:$J$83,MATCH($A29,Controlli!$A$2:$A$83,0)),0) -> 0.595 | G29: X | I29: =ROUNDUP(IF(G29="X", MAX(1, C29 * (1 - F29)), C29), 0) -> 1 | J29: =ROUNDUP(IF(H29="X", MAX(1, D29*(1-F29)), D29), 0) -> 4 | K29: =I29*J29 -> 4
A30: =Tabella!A30 -> 29 | B30: =IFERROR(INDEX(Tabella!$B$2:$B$32,MATCH($A30,Tabella!$A$2:$A$32,0)),"") -> GOV-DEROGA-SCOPE | C30: =IFERROR(INDEX(Tabella!$E$2:$E$32,MATCH($A30,Tabella!$A$2:$A$32,0)),"") -> 3 | D30: =IFERROR(INDEX(Tabella!$F$2:$F$32,MATCH($A30,Tabella!$A$2:$A$32,0)),"") -> 5 | E30: =C30*D30 -> 15 | F30: =IFERROR(INDEX(Controlli!$J$2:$J$83,MATCH($A30,Controlli!$A$2:$A$83,0)),0) -> 0.594375 | G30: X | I30: =ROUNDUP(IF(G30="X", MAX(1, C30 * (1 - F30)), C30), 0) -> 2 | J30: =ROUNDUP(IF(H30="X", MAX(1, D30*(1-F30)), D30), 0) -> 5 | K30: =I30*J30 -> 10
A31: =Tabella!A31 -> 30 | B31: =IFERROR(INDEX(Tabella!$B$2:$B$32,MATCH($A31,Tabella!$A$2:$A$32,0)),"") -> GOV-DEROGA-DOC-MAINTENANCE | C31: =IFERROR(INDEX(Tabella!$E$2:$E$32,MATCH($A31,Tabella!$A$2:$A$32,0)),"") -> 3 | D31: =IFERROR(INDEX(Tabella!$F$2:$F$32,MATCH($A31,Tabella!$A$2:$A$32,0)),"") -> 4 | E31: =C31*D31 -> 12 | F31: =IFERROR(INDEX(Controlli!$J$2:$J$83,MATCH($A31,Controlli!$A$2:$A$83,0)),0) -> 0.49875 | G31: X | I31: =ROUNDUP(IF(G31="X", MAX(1, C31 * (1 - F31)), C31), 0) -> 2 | J31: =ROUNDUP(IF(H31="X", MAX(1, D31*(1-F31)), D31), 0) -> 4 | K31: =I31*J31 -> 8
A32: =Tabella!A32 -> 31 | B32: =IFERROR(INDEX(Tabella!$B$2:$B$32,MATCH($A32,Tabella!$A$2:$A$32,0)),"") -> GOV-DEROGA-PROFILING-EXCLUSION -GDPR | C32: =IFERROR(INDEX(Tabella!$E$2:$E$32,MATCH($A32,Tabella!$A$2:$A$32,0)),"") -> 2 | D32: =IFERROR(INDEX(Tabella!$F$2:$F$32,MATCH($A32,Tabella!$A$2:$A$32,0)),"") -> 5 | E32: =C32*D32 -> 10 | F32: =IFERROR(INDEX(Controlli!$J$2:$J$83,MATCH($A32,Controlli!$A$2:$A$83,0)),0) -> 0.9025 | G32: X | I32: =ROUNDUP(IF(G32="X", MAX(1, C32 * (1 - F32)), C32), 0) -> 1 | J32: =ROUNDUP(IF(H32="X", MAX(1, D32*(1-F32)), D32), 0) -> 5 | K32: =I32*J32 -> 5

Sheet asset
A1: Asset ID | B1: Layer | C1: Tipologia di Asset | D1: Nome Asset | E1: Descrizione
A2: SIT-01 | B2: SITI | C2: Sito Edge | D2: Sito periferico cliente | E2: Sito fisico presso il cliente dove sono installati il dispositivo edge e il sistema di ripresa video.
A3: SIT-02 | B3: SITI | C3: CED | D3: CED aziendale | E3: Sito principale che ospita il server centrale con le macchine virtuali applicative del sistema.
A4: HW-01 | B4: HARDWARE | C4: Edge device | D4: Dispositivo Edge | E4: Dispositivo edge dedicato all'inferenza AI locale (YOLO-PPE, YOLO-Person).
A5: HW-02 | B5: HARDWARE | C5: Sensore/Telecamera | D5: Telecamera IP | E5: Telecamera di rete che acquisisce e invia il flusso video al dispositivo edge per l'analisi.
A6: HW-03 | B6: HARDWARE | C6: Server | D6: Server Centrale | E6: Infrastruttura server virtualizzata che ospita i servizi applicativi del sistema.
A7: SW-01 | B7: SOFTWARE | C7: Modello AI | D7: Modello Rilevamento DPI | E7: Modello di Object Detection addestrato per il rilevamento dei Dispositivi di Protezione Individuale.
A8: SW-02 | B8: SOFTWARE | C8: Modello AI | D8: Modello Pose Estimation | E8: Modello per il riconoscimento della presenza umana e l'estrazione delle posture/keypoints.
A9: SW-03 | B9: SOFTWARE | C9: Applicazione | D9: VM Applicativa | E9: Macchina virtuale che ospita la logica di business, le API, il database operativo, l'archivio multimediale e il servizio di notifica.
A10: SW-04 | B10: SOFTWARE | C10: Gestione chiavi | D10: VM Key Manager | E10: Macchina virtuale dedicata alla gestione e custodia delle chiavi crittografiche di sistema.
A11: SW-05 | B11: SOFTWARE | C11: DB | D11: DB Operativo | E11: Database relazionale per la gestione dei dati applicativi, dei log e degli eventi di allarme.
A12: RET-01 | B12: RETE | C12: Streaming dati | D12: Streaming Video RTSP | E12: Canale di trasmissione in streaming del flusso video dalla telecamera al dispositivo edge.
... A25: ORG-03 | B25: ORGANIZZAZIONE | C25: Sistema di gestione | D25: Processo di Documentazione | E25: Insieme delle attività volte alla stesura e al mantenimento del fascicolo tecnico e della conformità.

Sheet vulnerabilità
A1: Categoria | B1: Codice | C1: Vulnerabilità
A2: Hardware | B2: VH01 | C2: Manutenzione o sostituzione inadeguata di telecamere, dispositivi Edge e apparati di supporto
B3: VH02 | C3: Installazione o configurazione fisica errata delle telecamere, dei dispositivi Edge o dei supporti di memorizzazione
B4: VH03 | C4: Protezione insufficiente delle apparecchiature da polvere, umidità, temperatura o altri agenti ambientali
B5: VH04 | C5: Sensibilità delle apparecchiature a variazioni di tensione, picchi di corrente o interruzioni dell’alimentazione
B6: VH05 | C6: Risorse di elaborazione o memorizzazione insufficienti rispetto al carico operativo
B7: VH06 | C7: Mancanza di componenti alternativi o sostitutivi in caso di guasto delle apparecchiature critiche
B8: VH07 | C8: Controllo inefficace delle modifiche hardware
B9: VH08 | C9: Memorizzazione locale non cifrata o non adeguatamente protetta
B10: VH09 | C10: Uso di dispositivi rimovibili non autorizzati o non tracciati
B11: VH10 | C11: Smaltimento o riutilizzo non sicuro di dispositivi e supporti
A12: Software | B12: VS01 | C12: Test funzionali, di sicurezza o di robustezza assenti o insufficienti
B13: VS02 | C13: Vulnerabilità software note non risolte o gestione delle patch inefficace
B14: VS03 | C14: Librerie, framework o dipendenze di terze parti obsolete o non verificate
B15: VS04 | C15: Configurazioni di sicurezza insufficienti o presenza di servizi e funzionalità non necessari.
B16: VS05 | C16: Meccanismi di autenticazione o identificazione utente insufficienti
B17: VS06 | C17: Assegnazione errata dei privilegi e dei diritti di accesso
B18: VS07 | C18: Credenziali, token o chiavi crittografiche archiviati in modo non sicuro
B19: VS08 | C19: Servizi, interfacce o porte non necessari abilitati
B20: VS09 | C20: Configurazione insufficiente dei log o audit trail incompleti
B21: VS10 | C21: Distribuzione, rilascio o aggiornamento del software non controllato
B22: VS11 | C22: Copie di backup di configurazioni, modelli o dati assenti, incomplete o non testate
B23: VS12 | C23: Documentazione tecnica o funzionale incompleta o non aggiornata
B24: VS13 | C24: Validazione insufficiente delle immagini, dei flussi video o degli altri dati in ingresso
... B35: VS24 | C35: Integrità, autenticità o versionamento dei pesi del modello non adeguatamente protetti
A36: Rete | B36: VN01 | C36: Flussi video o comunicazioni di servizio non cifrati
B37: VN02 | C37: Autenticazione o autorizzazione debole per telecamere, dispositivi Edge o servizi di rete
B38: VN03 | C38: Rete non segmentata tra telecamere, dispositivi Edge, sistemi centrali e altre zone
B39: VN04 | C39: Connessioni verso sistemi centrali, servizi esterni o cloud non adeguatamente protette
B40: VN05 | C40: Dipendenza da un unico apparato o collegamento di rete, senza alternative in caso di guasto
B41: VN06 | C41: Monitoraggio di rete e rilevazione del traffico anomalo insufficienti
B42: VN07 | C42: Protezione insufficiente contro intercettazione, replay o sostituzione del flusso video
B43: VN08 | C43: Trasmissione di credenziali o informazioni sensibili in chiaro
B44: VN09 | C44: Configurazioni o modifiche della rete non documentate e non controllate
B45: VN10 | C45: Capacità, latenza o qualità del collegamento non monitorate rispetto ai requisiti operativi
A46: Personale | B46: VP01 | C46: Carenza di personale con competenze adeguate sul sistema, sulla sicurezza o sui modelli di IA
B47: VP02 | C47: Formazione insufficiente sull’uso corretto di ISaAC e sulla gestione delle segnalazioni
B48: VP03 | C48: Errori nell’installazione, configurazione, manutenzione o utilizzo del sistema
B49: VP04 | C49: Monitoraggio o controllo insufficiente delle attività amministrative e privilegiate
B50: VP05 | C50: Ruolo della supervisione umana non compreso o applicato in modo non uniforme
B51: VP06 | C51: Consapevolezza insufficiente in materia di sicurezza e protezione dei dati
B52: VP07 | C52: Supervisione insufficiente di tecnici, consulenti o manutentori esterni
B53: VP08 | C53: Segnalazione tardiva o assente di anomalie, errori del modello e incidenti
A54: Siti | B54: VSI01 | C54: Controlli di accesso fisico inadeguati nelle aree che ospitano telecamere, dispositivi Edge o apparati di rete
B55: VSI02 | C55: Installazione delle apparecchiature in aree esposte a rischi ambientali non adeguatamente valutati
B56: VSI03 | C56: Fornitura elettrica instabile o priva di adeguata continuità
B57: VSI04 | C57: Protezioni fisiche insufficienti per apparecchiature, armadi, porte o finestre
B58: VSI05 | C58: Sistemi antincendio o di rilevazione ambientale assenti o insufficienti
B59: VSI06 | C59: Accesso non controllato a locali tecnici o punti di installazione delle apparecchiature
B60: VSI07 | C60: Piani di emergenza, ripristino o evacuazione non definiti o non testati
A61: Organizzazione | B61: VO01 | C61: Ruoli e responsabilità per sicurezza, gestione del modello e supervisione umana non assegnati chiaramente
B62: VO02 | C62: Procedure di abilitazione, modifica e revoca degli accessi non formalizzate o inefficaci
B63: VO03 | C63: Revisione periodica dei privilegi e degli account tecnici assente o insufficiente
B64: VO04 | C64: Requisiti di sicurezza, privacy e gestione dell’IA insufficienti nei contratti con fornitori e terze parti
B65: VO05 | C65: Manutenzione e supporto dei componenti critici non adeguatamente definiti
B66: VO06 | C66: Processo di gestione dei rischi non implementato, non aggiornato o non collegato ai cambiamenti di ISaAC
B67: VO07 | C67: Audit periodici sul sistema e sui processi correlati assenti o insufficienti
B68: VO08 | C68: Change management non formalizzato per software, modelli, dataset, soglie e configurazioni
B69: VO09 | C69: Piani di continuità operativa e ripristino non definiti, incompleti o non testati
B70: VO10 | C70: Procedure di gestione, escalation e comunicazione degli incidenti non adeguate
B71: VO11 | C71: Documentazione del ciclo di vita di ISaAC incompleta o non aggiornata
B72: VO12 | C72: Criteri di selezione, approvazione e aggiornamento dei dataset non formalizzati
B73: VO13 | C73: Tempi e modalità di conservazione o cancellazione di immagini e log non definiti
... B78: VO18 | C78: Modifiche del fornitore e dipendenze esterne non monitorate o valutate prima dell’adozione

Sheet minacce
A1: Categoria | B1: Minaccia
A2: "Accidentali (Eventi dovuti a errore umano, negligenza o carenze operative)" | B2: Cancellazione o perdita non intenzionale di immagini, log, dataset, configurazioni o modelli
B3: Errata configurazione o amministrazione di telecamere, dispositivi Edge, componenti Core o servizi
B4: Errori durante installazione, manutenzione o aggiornamento del sistema
B5: Errata assegnazione di account, privilegi, credenziali o API key
B6: Modifica involontaria di codice, modello, dataset, soglie o configurazioni
B7: Uso improprio o non conforme del sistema e delle segnalazioni
B8: Verifica umana, comunicazione o escalation tardiva o errata
B9: Uso o supervisione inadeguati per carenza di competenze o AI literacy
B10: Errore nel change management di software, modelli, dataset o infrastruttura
B11: Conservazione eccessiva o cancellazione incompleta di immagini e log
A12: "Eventi Naturali / Ambientali (Fattori naturali che compromettono la sicurezza o la continuità operativa)" | B12: Incendio
B13: Allagamento o infiltrazioni d’acqua
B14: Terremoto o altro evento sismico
B15: Fenomeni meteorologici estremi o fulminazioni
B16: Polvere, umidità, temperature o condizioni di illuminazione avverse
B17: Evento epidemico o altra indisponibilità estesa del personale
A18: Guasti tecnici | B18: Guasto dell’alimentazione elettrica, del raffreddamento o di altre utilities
B19: Interruzione o degrado dei servizi di connettività
B20: Guasto, spostamento, copertura o perdita del flusso di una telecamera
B21: Guasto di dispositivi Edge, apparati di rete o sistemi di memorizzazione
B22: Guasto o malfunzionamento di sistema operativo, firmware, librerie o dipendenze
B23: Malfunzionamento o bug della pipeline applicativa
B24: Indisponibilità del componente Core o del servizio di notifica
B25: Saturazione delle risorse, latenza eccessiva o rallentamento dell’elaborazione
B26: Mancato funzionamento delle procedure di backup o ripristino
B27: Abuso di privilegi, credenziali o diritti di accesso
A28: Malevoli | B28: Accesso fisico non autorizzato a telecamere, dispositivi Edge o locali tecnici
B29: Furto di apparecchiature, supporti, immagini o altre informazioni
B30: Cancellazione o modifica intenzionale di modelli, dataset, configurazioni, immagini o log
B31: Sabotaggio o manomissione fisica di telecamere, dispositivi e impianti di supporto
B32: Accesso, divulgazione o trattamento non autorizzato di immagini e dati personali
B33: Invio fraudolento di eventi o segnalazioni mediante credenziali valide
B34: Malware, ransomware, spyware o altro codice malevolo
B35: Password cracking, brute force, credential stuffing o furto di credenziali
B36: Sfruttamento di vulnerabilità di software, firmware, API o servizi esposti
B37: Intercettazione o sniffing dei flussi video e delle comunicazioni
A38: Cyber | B38: Spoofing, replay o sostituzione del flusso video e degli eventi trasmessi
B39: Attacco man-in-the-middle o dirottamento della sessione
B40: Attacco alla disponibilità mediante DoS, DDoS o flooding
B41: Social engineering, phishing o impersonificazione
B42: Network scanning, fingerprinting o ricognizione non autorizzata
B43: Operazioni non autorizzate durante manutenzione o amministrazione con utenze privilegiate
B44: Inserimento intenzionale di dati manipolati, data poisoning o backdoor nel dataset
B45: Comparsa di oggetti, DPI o condizioni visive fuori distribuzione
B46: Cambiamento del contesto operativo e conseguente model drift
B47: Occlusione, scarsa visibilità o sovrapposizione tra persone, oggetti e DPI
A48: IA (produttore) | B48: Dataset di addestramento, validazione o test non adeguati, non rappresentativi, sbilanciati o contenenti errori
B49: Inserimento di dati manipolati, data poisoning o backdoor nel dataset o nel modello
B50: Errori nella progettazione, nell’addestramento, nella validazione o nella selezione del modello
B51: Prestazioni insufficienti su oggetti, DPI, persone o condizioni visive fuori distribuzione
B52: Deterioramento delle prestazioni o model drift non individuato e gestito
B53: Mancato rilevamento di una situazione di non conformità relativa ai DPI (falso negativo)
B54: Generazione di una segnalazione di non conformità non corretta (falso positivo)
B55: Vulnerabilità ad adversarial patch, model evasion, fooling o altre manipolazioni dell’input
B56: Alterazione, sostituzione o versione non controllata di pesi, codice, librerie o componenti del modello
B57: Limiti di scalabilità, capacità computazionale o latenza incompatibili con il funzionamento atteso
B58: Documentazione, trasparenza o tracciabilità insufficienti su dati, prestazioni, limiti e versioni del modello
B59: Raccolta o utilizzo non autorizzato di dati personali, sensibili o protetti da diritto d’autore
B60: Non conformità normativa o requisiti di sicurezza, accuratezza e robustezza non adeguatamente considerati
A61: IA (fornitore) | B61: Modifiche unilaterali o non controllate del produttore a modelli, librerie, componenti o condizioni del servizio
B62: Errata configurazione o integrazione di telecamere, dispositivi Edge, Core, soglie, filtri spaziali o notifiche
B63: Dipendenza da telecamere, connettività, dispositivi Edge o componente Core senza adeguata continuità operativa
B64: Hardening, gestione delle vulnerabilità, aggiornamenti o manutenzione del sistema insufficienti
B65: Accesso non autorizzato ad applicazione, modelli, configurazioni, immagini, log o credenziali
B66: Conservazione eccessiva, cancellazione incompleta o protezione inadeguata di immagini e log
B67: Capacità elaborativa insufficiente, saturazione delle risorse o latenza eccessiva della pipeline
B68: Interruzione o malfunzionamento del servizio di rilevamento, registrazione, monitoraggio o notifica
B69: Discontinuità o inadempienza di un fornitore o componente tecnologico critico
B70: Informazioni insufficienti agli utenti su finalità, limiti, prestazioni e modalità corrette d’uso del sistema
B71: Accountability, audit, logging, change management o gestione degli incidenti insufficienti
B72: Errata classificazione del sistema, mancato adeguamento normativo o cambiamento d’uso senza rivalutazione
B73: Attacco alla pipeline o ai flussi mediante spoofing, replay, man-in-the-middle, DoS o manipolazione degli input
A74: IA (utente) | B74: Uso di ISaAC improprio, non conforme alle istruzioni o per finalità diverse da quelle previste
B75: Interpretazione errata, fiducia eccessiva o mancata considerazione delle segnalazioni prodotte dal sistema
B76: Verifica umana, comunicazione o escalation tardiva, assente o non corretta
B77: Competenze o AI literacy insufficienti per utilizzare il sistema e comprenderne limiti e risultati
B78: Uso, comunicazione o divulgazione non autorizzati di immagini, log o altre informazioni personali
B79: Mancata cancellazione, conservazione impropria o impossibilità di gestire correttamente i dati personali
B80: Occlusione intenzionale o accidentale, adversarial patch o alterazione della scena osservata dalle telecamere
B81: Modifica del contesto operativo, dei DPI, delle aree o delle telecamere senza aggiornamento o rivalutazione del sistema
B82: Condivisione di credenziali, uso di privilegi non necessari o accesso da parte di personale non autorizzato
B83: Segnalazione tardiva o assente di anomalie, errori del modello, falsi positivi, falsi negativi o incidenti

Sheet mapping
A1: Categoria Minaccia | B1: Minaccia | C1: Categoria Vulnerabilità | D1: Codice Vuln. | E1: Vulnerabilità
A2: Accidentali | B2: Cancellazione o perdita non intenzionale di immagini, log, dataset, configurazioni o modelli | C2: {=IF(D2="","",_xlfn.IFS(LEFT(D2,3)="VSI","Siti",LEFT(D2,2)="VH","Hardware",LEFT(D2,2)="VS","Software",LEFT(D2,2)="VN","Rete",LEFT(D2,2)="VP","Personale",LEFT(D2,2)="VO","Organizzazione"))} -> Software | D2: VS11 | E2: =_xlfn.XLOOKUP(D2,vulnerabilità!$B:$B,vulnerabilità!$C:$C,"NON TROVATO") -> Copie di backup di configurazioni, modelli o dati assenti, incomplete o non testate
A3: Accidentali | B3: Cancellazione o perdita non intenzionale di immagini, log, dataset, configurazioni o modelli | C3: {=IF(D3="","",_xlfn.IFS(LEFT(D3,3)="VSI","Siti",LEFT(D3,2)="VH","Hardware",LEFT(D3,2)="VS","Software",LEFT(D3,2)="VN","Rete",LEFT(D3,2)="VP","Personale",LEFT(D3,2)="VO","Organizzazione"))} -> Organizzazione | D3: VO09 | E3: =_xlfn.XLOOKUP(D3,vulnerabilità!$B:$B,vulnerabilità!$C:$C,"NON TROVATO") -> Piani di continuità operativa e ripristino non definiti, incompleti o non testati
A4: Accidentali | B4: Cancellazione o perdita non intenzionale di immagini, log, dataset, configurazioni o modelli | C4: {=IF(D4="","",_xlfn.IFS(LEFT(D4,3)="VSI","Siti",LEFT(D4,2)="VH","Hardware",LEFT(D4,2)="VS","Software",LEFT(D4,2)="VN","Rete",LEFT(D4,2)="VP","Personale",LEFT(D4,2)="VO","Organizzazione"))} -> Organizzazione | D4: VO13 | E4: =_xlfn.XLOOKUP(D4,vulnerabilità!$B:$B,vulnerabilità!$C:$C,"NON TROVATO") -> Tempi e modalità di conservazione o cancellazione di immagini e log non definiti
A5: Accidentali | B5: Errata configurazione o amministrazione di telecamere, dispositivi Edge, componenti Core o servizi | C5: {=IF(D5="","",_xlfn.IFS(LEFT(D5,3)="VSI","Siti",LEFT(D5,2)="VH","Hardware",LEFT(D5,2)="VS","Software",LEFT(D5,2)="VN","Rete",LEFT(D5,2)="VP","Personale",LEFT(D5,2)="VO","Organizzazione"))} -> Personale | D5: VP03 | E5: =_xlfn.XLOOKUP(D5,vulnerabilità!$B:$B,vulnerabilità!$C:$C,"NON TROVATO") -> Errori nell’installazione, configurazione, manutenzione o utilizzo del sistema
A6: Accidentali | B6: Errata configurazione o amministrazione di telecamere, dispositivi Edge, componenti Core o servizi | C6: {=IF(D6="","",_xlfn.IFS(LEFT(D6,3)="VSI","Siti",LEFT(D6,2)="VH","Hardware",LEFT(D6,2)="VS","Software",LEFT(D6,2)="VN","Rete",LEFT(D6,2)="VP","Personale",LEFT(D6,2)="VO","Organizzazione"))} -> Software | D6: VS20 | E6: =_xlfn.XLOOKUP(D6,vulnerabilità!$B:$B,vulnerabilità!$C:$C,"NON TROVATO") -> Soglie di confidenza o parametri di inferenza non adeguatamente calibrati
A7: Accidentali | B7: Errata configurazione o amministrazione di telecamere, dispositivi Edge, componenti Core o servizi | C7: {=IF(D7="","",_xlfn.IFS(LEFT(D7,3)="VSI","Siti",LEFT(D7,2)="VH","Hardware",LEFT(D7,2)="VS","Software",LEFT(D7,2)="VN","Rete",LEFT(D7,2)="VP","Personale",LEFT(D7,2)="VO","Organizzazione"))} -> Organizzazione | D7: VO08 | E7: =_xlfn.XLOOKUP(D7,vulnerabilità!$B:$B,vulnerabilità!$C:$C,"NON TROVATO") -> Change management non formalizzato per software, modelli, dataset, soglie e configurazioni
A8: Accidentali | B8: Errata configurazione o amministrazione di telecamere, dispositivi Edge, componenti Core o servizi | C8: {=IF(D8="","",_xlfn.IFS(LEFT(D8,3)="VSI","Siti",LEFT(D8,2)="VH","Hardware",LEFT(D8,2)="VS","Software",LEFT(D8,2)="VN","Rete",LEFT(D8,2)="VP","Personale",LEFT(D8,2)="VO","Organizzazione"))} -> Software | D8: VS12 | E8: =_xlfn.XLOOKUP(D8,vulnerabilità!$B:$B,vulnerabilità!$C:$C,"NON TROVATO") -> Documentazione tecnica o funzionale incompleta o non aggiornata
A9: Accidentali | B9: Errata configurazione o amministrazione di telecamere, dispositivi Edge, componenti Core o servizi | C9: {=IF(D9="","",_xlfn.IFS(LEFT(D9,3)="VSI","Siti",LEFT(D9,2)="VH","Hardware",LEFT(D9,2)="VS","Software",LEFT(D9,2)="VN","Rete",LEFT(D9,2)="VP","Personale",LEFT(D9,2)="VO","Organizzazione"))} -> Hardware | D9: VH01 | E9: =_xlfn.XLOOKUP(D9,vulnerabilità!$B:$B,vulnerabilità!$C:$C,"NON TROVATO") -> Manutenzione o sostituzione inadeguata di telecamere, dispositivi Edge e apparati di supporto
A10: Accidentali | B10: Errori durante installazione, manutenzione o aggiornamento del sistema | C10: {=IF(D10="","",_xlfn.IFS(LEFT(D10,3)="VSI","Siti",LEFT(D10,2)="VH","Hardware",LEFT(D10,2)="VS","Software",LEFT(D10,2)="VN","Rete",LEFT(D10,2)="VP","Personale",LEFT(D10,2)="VO","Organizzazione"))} -> Personale | D10: VP03 | E10: =_xlfn.XLOOKUP(D10,vulnerabilità!$B:$B,vulnerabilità!$C:$C,"NON TROVATO") -> Errori nell’installazione, configurazione, manutenzione o utilizzo del sistema
A11: Accidentali | B11: Errori durante installazione, manutenzione o aggiornamento del sistema | C11: {=IF(D11="","",_xlfn.IFS(LEFT(D11,3)="VSI","Siti",LEFT(D11,2)="VH","Hardware",LEFT(D11,2)="VS","Software",LEFT(D11,2)="VN","Rete",LEFT(D11,2)="VP","Personale",LEFT(D11,2)="VO","Organizzazione"))} -> Software | D11: VS20 | E11: =_xlfn.XLOOKUP(D11,vulnerabilità!$B:$B,vulnerabilità!$C:$C,"NON TROVATO") -> Soglie di confidenza o parametri di inferenza non adeguatamente calibrati
A12: Accidentali | B12: Errori durante installazione, manutenzione o aggiornamento del sistema | C12: {=IF(D12="","",_xlfn.IFS(LEFT(D12,3)="VSI","Siti",LEFT(D12,2)="VH","Hardware",LEFT(D12,2)="VS","Software",LEFT(D12,2)="VN","Rete",LEFT(D12,2)="VP","Personale",LEFT(D12,2)="VO","Organizzazione"))} -> Organizzazione | D12: VO08 | E12: =_xlfn.XLOOKUP(D12,vulnerabilità!$B:$B,vulnerabilità!$C:$C,"NON TROVATO") -> Change management non formalizzato per software, modelli, dataset, soglie e configurazioni
A13: Accidentali | B13: Errori durante installazione, manutenzione o aggiornamento del sistema | C13: {=IF(D13="","",_xlfn.IFS(LEFT(D13,3)="VSI","Siti",LEFT(D13,2)="VH","Hardware",LEFT(D13,2)="VS","Software",LEFT(D13,2)="VN","Rete",LEFT(D13,2)="VP","Personale",LEFT(D13,2)="VO","Organizzazione"))} -> Software | D13: VS12 | E13: =_xlfn.XLOOKUP(D13,vulnerabilità!$B:$B,vulnerabilità!$C:$C,"NON TROVATO") -> Documentazione tecnica o funzionale incompleta o non aggiornata
... A366: IA (utente) | B366: Segnalazione tardiva o assente di anomalie, errori del modello, falsi positivi, falsi negativi o incidenti | C366: {=IF(D366="","",_xlfn.IFS(LEFT(D366,3)="VSI","Siti",LEFT(D366,2)="VH","Hardware",LEFT(D366,2)="VS","Software",LEFT(D366,2)="VN","Rete",LEFT(D366,2)="VP","Personale",LEFT(D366,2)="VO","Organizzazione"))} -> Software | D366: VS09 | E366: =_xlfn.XLOOKUP(D366,vulnerabilità!$B:$B,vulnerabilità!$C:$C,"NON TROVATO") -> Configurazione insufficiente dei log o audit trail incompleti

Sheet tabella mapping
D1: Categoria Minacia | E1: "Accidentali (Eventi dovuti a errore umano, negligenza o carenze operative)" | O1: "Eventi Naturali / Ambientali (Fattori naturali che compromettono la sicurezza o la continuità operativa)" | U1: Guasti tecnici | AE1: Malevoli | AO1: Cyber | AY1: IA (produttore) | BL1: IA (fornitore) | BY1: IA (utente)
E2: Cancellazione o perdita non intenzionale di immagini, log, dataset, configurazioni o modelli | F2: Errata configurazione o amministrazione di telecamere, dispositivi Edge, componenti Core o servizi | G2: Errori durante installazione, manutenzione o aggiornamento del sistema | H2: Errata assegnazione di account, privilegi, credenziali o API key | I2: Modifica involontaria di codice, modello, dataset, soglie o configurazioni | J2: Uso improprio o non conforme del sistema e delle segnalazioni | K2: Verifica umana, comunicazione o escalation tardiva o errata | L2: Uso o supervisione inadeguati per carenza di competenze o AI literacy | M2: Errore nel change management di software, modelli, dataset o infrastruttura | N2: Conservazione eccessiva o cancellazione incompleta di immagini e log | O2: Incendio | P2: Allagamento o infiltrazioni d’acqua | Q2: Terremoto o altro evento sismico | R2: Fenomeni meteorologici estremi o fulminazioni | S2: Polvere, umidità, temperature o condizioni di illuminazione avverse | T2: Evento epidemico o altra indisponibilità estesa del personale | U2: Guasto dell’alimentazione elettrica, del raffreddamento o di altre utilities | V2: Interruzione o degrado dei servizi di connettività | W2: Guasto, spostamento, copertura o perdita del flusso di una telecamera | X2: Guasto di dispositivi Edge, apparati di rete o sistemi di memorizzazione | Y2: Guasto o malfunzionamento di sistema operativo, firmware, librerie o dipendenze | Z2: Malfunzionamento o bug della pipeline applicativa | AA2: Indisponibilità del componente Core o del servizio di notifica | AB2: Saturazione delle risorse, latenza eccessiva o rallentamento dell’elaborazione | AC2: Mancato funzionamento delle procedure di backup o ripristino | AD2: Abuso di privilegi, credenziali o diritti di accesso | AE2: Accesso fisico non autorizzato a telecamere, dispositivi Edge o locali tecnici | AF2: Furto di apparecchiature, supporti, immagini o altre informazioni | AG2: Cancellazione o modifica intenzionale di modelli, dataset, configurazioni, immagini o log | AH2: Sabotaggio o manomissione fisica di telecamere, dispositivi e impianti di supporto | AI2: Accesso, divulgazione o trattamento non autorizzato di immagini e dati personali | AJ2: Invio fraudolento di eventi o segnalazioni mediante credenziali valide | AK2: Malware, ransomware, spyware o altro codice malevolo | AL2: Password cracking, brute force, credential stuffing o furto di credenziali | AM2: Sfruttamento di vulnerabilità di software, firmware, API o servizi esposti | AN2: Intercettazione o sniffing dei flussi video e delle comunicazioni | AO2: Spoofing, replay o sostituzione del flusso video e degli eventi trasmessi | AP2: Attacco man-in-the-middle o dirottamento della sessione | AQ2: Attacco alla disponibilità mediante DoS, DDoS o flooding | AR2: Social engineering, phishing o impersonificazione | AS2: Network scanning, fingerprinting o ricognizione non autorizzata | AT2: Operazioni non autorizzate durante manutenzione o amministrazione con utenze privilegiate | AU2: Inserimento intenzionale di dati manipolati, data poisoning o backdoor nel dataset | AV2: Comparsa di oggetti, DPI o condizioni visive fuori distribuzione | AW2: Cambiamento del contesto operativo e conseguente model drift | AX2: Occlusione, scarsa visibilità o sovrapposizione tra persone, oggetti e DPI | AY2: Dataset di addestramento, validazione o test non adeguati, non rappresentativi, sbilanciati o contenenti errori | AZ2: Inserimento di dati manipolati, data poisoning o backdoor nel dataset o nel modello | BA2: Errori nella progettazione, nell’addestramento, nella validazione o nella selezione del modello | BB2: Prestazioni insufficienti su oggetti, DPI, persone o condizioni visive fuori distribuzione | BC2: Deterioramento delle prestazioni o model drift non individuato e gestito | BD2: Mancato rilevamento di una situazione di non conformità relativa ai DPI (falso negativo) | BE2: Generazione di una segnalazione di non conformità non corretta (falso positivo) | BF2: Vulnerabilità ad adversarial patch, model evasion, fooling o altre manipolazioni dell’input | BG2: Alterazione, sostituzione o versione non controllata di pesi, codice, librerie o componenti del modello | BH2: Limiti di scalabilità, capacità computazionale o latenza incompatibili con il funzionamento atteso | BI2: Documentazione, trasparenza o tracciabilità insufficienti su dati, prestazioni, limiti e versioni del modello | BJ2: Raccolta o utilizzo non autorizzato di dati personali, sensibili o protetti da diritto d’autore | BK2: Non conformità normativa o requisiti di sicurezza, accuratezza e robustezza non adeguatamente considerati | BL2: Modifiche unilaterali o non controllate del produttore a modelli, librerie, componenti o condizioni del servizio | BM2: Errata configurazione o integrazione di telecamere, dispositivi Edge, Core, soglie, filtri spaziali o notifiche | BN2: Dipendenza da telecamere, connettività, dispositivi Edge o componente Core senza adeguata continuità operativa | BO2: Hardening, gestione delle vulnerabilità, aggiornamenti o manutenzione del sistema insufficienti | BP2: Accesso non autorizzato ad applicazione, modelli, configurazioni, immagini, log o credenziali | BQ2: Conservazione eccessiva, cancellazione incompleta o protezione inadeguata di immagini e log | BR2: Capacità elaborativa insufficiente, saturazione delle risorse o latenza eccessiva della pipeline | BS2: Interruzione o malfunzionamento del servizio di rilevamento, registrazione, monitoraggio o notifica | BT2: Discontinuità o inadempienza di un fornitore o componente tecnologico critico | BU2: Informazioni insufficienti agli utenti su finalità, limiti, prestazioni e modalità corrette d’uso del sistema | BV2: Accountability, audit, logging, change management o gestione degli incidenti insufficienti | BW2: Errata classificazione del sistema, mancato adeguamento normativo o cambiamento d’uso senza rivalutazione | BX2: Attacco alla pipeline o ai flussi mediante spoofing, replay, man-in-the-middle, DoS o manipolazione degli input | BY2: Uso di ISaAC improprio, non conforme alle istruzioni o per finalità diverse da quelle previste | BZ2: Interpretazione errata, fiducia eccessiva o mancata considerazione delle segnalazioni prodotte dal sistema | CA2: Verifica umana, comunicazione o escalation tardiva, assente o non corretta | CB2: Competenze o AI literacy insufficienti per utilizzare il sistema e comprenderne limiti e risultati | CC2: Uso, comunicazione o divulgazione non autorizzati di immagini, log o altre informazioni personali | CD2: Mancata cancellazione, conservazione impropria o impossibilità di gestire correttamente i dati personali | CE2: Occlusione intenzionale o accidentale, adversarial patch o alterazione della scena osservata dalle telecamere | CF2: Modifica del contesto operativo, dei DPI, delle aree o delle telecamere senza aggiornamento o rivalutazione del sistema | CG2: Condivisione di credenziali, uso di privilegi non necessari o accesso da parte di personale non autorizzato | CH2: Segnalazione tardiva o assente di anomalie, errori del modello, falsi positivi, falsi negativi o incidenti
A4: Categoria | B4: Codice | C4: Vulnerabilità | CK4: =IF(COUNTIFS(#REF!,CK$2,#REF!,$B5)>0,"X","") -> #REF! | CN4: =IF(COUNTIFS(#REF!,CK$2,#REF!,$B5)>0,"X","") -> #REF! | CO4: =IF(COUNTIFS(#REF!,CK$2,#REF!,$B5)>0,"X","") -> #REF!
A5: Hardware | B5: VH01 | C5: Manutenzione o sostituzione inadeguata di telecamere, dispositivi Edge e apparati di supporto | E5: =IF(COUNTIFS(mapping!$B:$B,E$2,mapping!$D:$D,$B5)>0,"X","") | F5: =IF(COUNTIFS(mapping!$B:$B,F$2,mapping!$D:$D,$B5)>0,"X","") -> X | G5: =IF(COUNTIFS(mapping!$B:$B,G$2,mapping!$D:$D,$B5)>0,"X","") | H5: =IF(COUNTIFS(mapping!$B:$B,H$2,mapping!$D:$D,$B5)>0,"X","") | I5: =IF(COUNTIFS(mapping!$B:$B,I$2,mapping!$D:$D,$B5)>0,"X","") | J5: =IF(COUNTIFS(mapping!$B:$B,J$2,mapping!$D:$D,$B5)>0,"X","") | K5: =IF(COUNTIFS(mapping!$B:$B,K$2,mapping!$D:$D,$B5)>0,"X","") | L5: =IF(COUNTIFS(mapping!$B:$B,L$2,mapping!$D:$D,$B5)>0,"X","") | ... CH5: =IF(COUNTIFS(mapping!$B:$B,CH$2,mapping!$D:$D,$B5)>0,"X","")
B6: VH02 | C6: Installazione o configurazione fisica errata delle telecamere, dei dispositivi Edge o dei supporti di memorizzazione | E6: =IF(COUNTIFS(mapping!$B:$B,E$2,mapping!$D:$D,$B6)>0,"X","") | F6: =IF(COUNTIFS(mapping!$B:$B,F$2,mapping!$D:$D,$B6)>0,"X","") | G6: =IF(COUNTIFS(mapping!$B:$B,G$2,mapping!$D:$D,$B6)>0,"X","") | H6: =IF(COUNTIFS(mapping!$B:$B,H$2,mapping!$D:$D,$B6)>0,"X","") | I6: =IF(COUNTIFS(mapping!$B:$B,I$2,mapping!$D:$D,$B6)>0,"X","") | J6: =IF(COUNTIFS(mapping!$B:$B,J$2,mapping!$D:$D,$B6)>0,"X","") | K6: =IF(COUNTIFS(mapping!$B:$B,K$2,mapping!$D:$D,$B6)>0,"X","") | L6: =IF(COUNTIFS(mapping!$B:$B,L$2,mapping!$D:$D,$B6)>0,"X","") | ... CH6: =IF(COUNTIFS(mapping!$B:$B,CH$2,mapping!$D:$D,$B6)>0,"X","")
B7: VH03 | C7: Protezione insufficiente delle apparecchiature da polvere, umidità, temperatura o altri agenti ambientali | E7: =IF(COUNTIFS(mapping!$B:$B,E$2,mapping!$D:$D,$B7)>0,"X","") | F7: =IF(COUNTIFS(mapping!$B:$B,F$2,mapping!$D:$D,$B7)>0,"X","") | G7: =IF(COUNTIFS(mapping!$B:$B,G$2,mapping!$D:$D,$B7)>0,"X","") | H7: =IF(COUNTIFS(mapping!$B:$B,H$2,mapping!$D:$D,$B7)>0,"X","") | I7: =IF(COUNTIFS(mapping!$B:$B,I$2,mapping!$D:$D,$B7)>0,"X","") | J7: =IF(COUNTIFS(mapping!$B:$B,J$2,mapping!$D:$D,$B7)>0,"X","") | K7: =IF(COUNTIFS(mapping!$B:$B,K$2,mapping!$D:$D,$B7)>0,"X","") | L7: =IF(COUNTIFS(mapping!$B:$B,L$2,mapping!$D:$D,$B7)>0,"X","") | ... CH7: =IF(COUNTIFS(mapping!$B:$B,CH$2,mapping!$D:$D,$B7)>0,"X","")
B8: VH04 | C8: Sensibilità delle apparecchiature a variazioni di tensione, picchi di corrente o interruzioni dell’alimentazione | E8: =IF(COUNTIFS(mapping!$B:$B,E$2,mapping!$D:$D,$B8)>0,"X","") | F8: =IF(COUNTIFS(mapping!$B:$B,F$2,mapping!$D:$D,$B8)>0,"X","") | G8: =IF(COUNTIFS(mapping!$B:$B,G$2,mapping!$D:$D,$B8)>0,"X","") | H8: =IF(COUNTIFS(mapping!$B:$B,H$2,mapping!$D:$D,$B8)>0,"X","") | I8: =IF(COUNTIFS(mapping!$B:$B,I$2,mapping!$D:$D,$B8)>0,"X","") | J8: =IF(COUNTIFS(mapping!$B:$B,J$2,mapping!$D:$D,$B8)>0,"X","") | K8: =IF(COUNTIFS(mapping!$B:$B,K$2,mapping!$D:$D,$B8)>0,"X","") | L8: =IF(COUNTIFS(mapping!$B:$B,L$2,mapping!$D:$D,$B8)>0,"X","") | ... CH8: =IF(COUNTIFS(mapping!$B:$B,CH$2,mapping!$D:$D,$B8)>0,"X","")
B9: VH05 | C9: Risorse di elaborazione o memorizzazione insufficienti rispetto al carico operativo | E9: =IF(COUNTIFS(mapping!$B:$B,E$2,mapping!$D:$D,$B9)>0,"X","") | F9: =IF(COUNTIFS(mapping!$B:$B,F$2,mapping!$D:$D,$B9)>0,"X","") | G9: =IF(COUNTIFS(mapping!$B:$B,G$2,mapping!$D:$D,$B9)>0,"X","") | H9: =IF(COUNTIFS(mapping!$B:$B,H$2,mapping!$D:$D,$B9)>0,"X","") | I9: =IF(COUNTIFS(mapping!$B:$B,I$2,mapping!$D:$D,$B9)>0,"X","") | J9: =IF(COUNTIFS(mapping!$B:$B,J$2,mapping!$D:$D,$B9)>0,"X","") | K9: =IF(COUNTIFS(mapping!$B:$B,K$2,mapping!$D:$D,$B9)>0,"X","") | L9: =IF(COUNTIFS(mapping!$B:$B,L$2,mapping!$D:$D,$B9)>0,"X","") | ... CH9: =IF(COUNTIFS(mapping!$B:$B,CH$2,mapping!$D:$D,$B9)>0,"X","")
B10: VH06 | C10: Mancanza di componenti alternativi o sostitutivi in caso di guasto delle apparecchiature critiche | E10: =IF(COUNTIFS(mapping!$B:$B,E$2,mapping!$D:$D,$B10)>0,"X","") | F10: =IF(COUNTIFS(mapping!$B:$B,F$2,mapping!$D:$D,$B10)>0,"X","") | G10: =IF(COUNTIFS(mapping!$B:$B,G$2,mapping!$D:$D,$B10)>0,"X","") | H10: =IF(COUNTIFS(mapping!$B:$B,H$2,mapping!$D:$D,$B10)>0,"X","") | I10: =IF(COUNTIFS(mapping!$B:$B,I$2,mapping!$D:$D,$B10)>0,"X","") | J10: =IF(COUNTIFS(mapping!$B:$B,J$2,mapping!$D:$D,$B10)>0,"X","") | K10: =IF(COUNTIFS(mapping!$B:$B,K$2,mapping!$D:$D,$B10)>0,"X","") | L10: =IF(COUNTIFS(mapping!$B:$B,L$2,mapping!$D:$D,$B10)>0,"X","") | ... CH10: =IF(COUNTIFS(mapping!$B:$B,CH$2,mapping!$D:$D,$B10)>0,"X","")
B11: VH07 | C11: Controllo inefficace delle modifiche hardware | E11: =IF(COUNTIFS(mapping!$B:$B,E$2,mapping!$D:$D,$B11)>0,"X","") | F11: =IF(COUNTIFS(mapping!$B:$B,F$2,mapping!$D:$D,$B11)>0,"X","") | G11: =IF(COUNTIFS(mapping!$B:$B,G$2,mapping!$D:$D,$B11)>0,"X","") | H11: =IF(COUNTIFS(mapping!$B:$B,H$2,mapping!$D:$D,$B11)>0,"X","") | I11: =IF(COUNTIFS(mapping!$B:$B,I$2,mapping!$D:$D,$B11)>0,"X","") | J11: =IF(COUNTIFS(mapping!$B:$B,J$2,mapping!$D:$D,$B11)>0,"X","") | K11: =IF(COUNTIFS(mapping!$B:$B,K$2,mapping!$D:$D,$B11)>0,"X","") | L11: =IF(COUNTIFS(mapping!$B:$B,L$2,mapping!$D:$D,$B11)>0,"X","") | ... CH11: =IF(COUNTIFS(mapping!$B:$B,CH$2,mapping!$D:$D,$B11)>0,"X","")
B12: VH08 | C12: Memorizzazione locale non cifrata o non adeguatamente protetta | E12: =IF(COUNTIFS(mapping!$B:$B,E$2,mapping!$D:$D,$B12)>0,"X","") | F12: =IF(COUNTIFS(mapping!$B:$B,F$2,mapping!$D:$D,$B12)>0,"X","") | G12: =IF(COUNTIFS(mapping!$B:$B,G$2,mapping!$D:$D,$B12)>0,"X","") | H12: =IF(COUNTIFS(mapping!$B:$B,H$2,mapping!$D:$D,$B12)>0,"X","") | I12: =IF(COUNTIFS(mapping!$B:$B,I$2,mapping!$D:$D,$B12)>0,"X","") | J12: =IF(COUNTIFS(mapping!$B:$B,J$2,mapping!$D:$D,$B12)>0,"X","") | K12: =IF(COUNTIFS(mapping!$B:$B,K$2,mapping!$D:$D,$B12)>0,"X","") | L12: =IF(COUNTIFS(mapping!$B:$B,L$2,mapping!$D:$D,$B12)>0,"X","") | ... CH12: =IF(COUNTIFS(mapping!$B:$B,CH$2,mapping!$D:$D,$B12)>0,"X","")
B13: VH09 | C13: Uso di dispositivi rimovibili non autorizzati o non tracciati | E13: =IF(COUNTIFS(mapping!$B:$B,E$2,mapping!$D:$D,$B13)>0,"X","") | F13: =IF(COUNTIFS(mapping!$B:$B,F$2,mapping!$D:$D,$B13)>0,"X","") | G13: =IF(COUNTIFS(mapping!$B:$B,G$2,mapping!$D:$D,$B13)>0,"X","") | H13: =IF(COUNTIFS(mapping!$B:$B,H$2,mapping!$D:$D,$B13)>0,"X","") | I13: =IF(COUNTIFS(mapping!$B:$B,I$2,mapping!$D:$D,$B13)>0,"X","") | J13: =IF(COUNTIFS(mapping!$B:$B,J$2,mapping!$D:$D,$B13)>0,"X","") | K13: =IF(COUNTIFS(mapping!$B:$B,K$2,mapping!$D:$D,$B13)>0,"X","") | L13: =IF(COUNTIFS(mapping!$B:$B,L$2,mapping!$D:$D,$B13)>0,"X","") | ... CH13: =IF(COUNTIFS(mapping!$B:$B,CH$2,mapping!$D:$D,$B13)>0,"X","")
B14: VH10 | C14: Smaltimento o riutilizzo non sicuro di dispositivi e supporti | E14: =IF(COUNTIFS(mapping!$B:$B,E$2,mapping!$D:$D,$B14)>0,"X","") | F14: =IF(COUNTIFS(mapping!$B:$B,F$2,mapping!$D:$D,$B14)>0,"X","") | G14: =IF(COUNTIFS(mapping!$B:$B,G$2,mapping!$D:$D,$B14)>0,"X","") | H14: =IF(COUNTIFS(mapping!$B:$B,H$2,mapping!$D:$D,$B14)>0,"X","") | I14: =IF(COUNTIFS(mapping!$B:$B,I$2,mapping!$D:$D,$B14)>0,"X","") | J14: =IF(COUNTIFS(mapping!$B:$B,J$2,mapping!$D:$D,$B14)>0,"X","") | K14: =IF(COUNTIFS(mapping!$B:$B,K$2,mapping!$D:$D,$B14)>0,"X","") | L14: =IF(COUNTIFS(mapping!$B:$B,L$2,mapping!$D:$D,$B14)>0,"X","") | ... CH14: =IF(COUNTIFS(mapping!$B:$B,CH$2,mapping!$D:$D,$B14)>0,"X","")
A15: Software | B15: VS01 | C15: Test funzionali, di sicurezza o di robustezza assenti o insufficienti | E15: =IF(COUNTIFS(mapping!$B:$B,E$2,mapping!$D:$D,$B15)>0,"X","") | F15: =IF(COUNTIFS(mapping!$B:$B,F$2,mapping!$D:$D,$B15)>0,"X","") | G15: =IF(COUNTIFS(mapping!$B:$B,G$2,mapping!$D:$D,$B15)>0,"X","") | H15: =IF(COUNTIFS(mapping!$B:$B,H$2,mapping!$D:$D,$B15)>0,"X","") | I15: =IF(COUNTIFS(mapping!$B:$B,I$2,mapping!$D:$D,$B15)>0,"X","") | J15: =IF(COUNTIFS(mapping!$B:$B,J$2,mapping!$D:$D,$B15)>0,"X","") | K15: =IF(COUNTIFS(mapping!$B:$B,K$2,mapping!$D:$D,$B15)>0,"X","") | L15: =IF(COUNTIFS(mapping!$B:$B,L$2,mapping!$D:$D,$B15)>0,"X","") | ... CH15: =IF(COUNTIFS(mapping!$B:$B,CH$2,mapping!$D:$D,$B15)>0,"X","")
B16: VS02 | C16: Vulnerabilità software note non risolte o gestione delle patch inefficace | E16: =IF(COUNTIFS(mapping!$B:$B,E$2,mapping!$D:$D,$B16)>0,"X","") | F16: =IF(COUNTIFS(mapping!$B:$B,F$2,mapping!$D:$D,$B16)>0,"X","") | G16: =IF(COUNTIFS(mapping!$B:$B,G$2,mapping!$D:$D,$B16)>0,"X","") | H16: =IF(COUNTIFS(mapping!$B:$B,H$2,mapping!$D:$D,$B16)>0,"X","") | I16: =IF(COUNTIFS(mapping!$B:$B,I$2,mapping!$D:$D,$B16)>0,"X","") | J16: =IF(COUNTIFS(mapping!$B:$B,J$2,mapping!$D:$D,$B16)>0,"X","") | K16: =IF(COUNTIFS(mapping!$B:$B,K$2,mapping!$D:$D,$B16)>0,"X","") | L16: =IF(COUNTIFS(mapping!$B:$B,L$2,mapping!$D:$D,$B16)>0,"X","") | ... CH16: =IF(COUNTIFS(mapping!$B:$B,CH$2,mapping!$D:$D,$B16)>0,"X","")
B17: VS03 | C17: Librerie, framework o dipendenze di terze parti obsolete o non verificate | E17: =IF(COUNTIFS(mapping!$B:$B,E$2,mapping!$D:$D,$B17)>0,"X","") | F17: =IF(COUNTIFS(mapping!$B:$B,F$2,mapping!$D:$D,$B17)>0,"X","") | G17: =IF(COUNTIFS(mapping!$B:$B,G$2,mapping!$D:$D,$B17)>0,"X","") | H17: =IF(COUNTIFS(mapping!$B:$B,H$2,mapping!$D:$D,$B17)>0,"X","") | I17: =IF(COUNTIFS(mapping!$B:$B,I$2,mapping!$D:$D,$B17)>0,"X","") | J17: =IF(COUNTIFS(mapping!$B:$B,J$2,mapping!$D:$D,$B17)>0,"X","") | K17: =IF(COUNTIFS(mapping!$B:$B,K$2,mapping!$D:$D,$B17)>0,"X","") | L17: =IF(COUNTIFS(mapping!$B:$B,L$2,mapping!$D:$D,$B17)>0,"X","") | ... CH17: =IF(COUNTIFS(mapping!$B:$B,CH$2,mapping!$D:$D,$B17)>0,"X","")
B18: VS04 | C18: Configurazioni di sicurezza insufficienti o presenza di servizi e funzionalità non necessari. | E18: =IF(COUNTIFS(mapping!$B:$B,E$2,mapping!$D:$D,$B18)>0,"X","") | F18: =IF(COUNTIFS(mapping!$B:$B,F$2,mapping!$D:$D,$B18)>0,"X","") | G18: =IF(COUNTIFS(mapping!$B:$B,G$2,mapping!$D:$D,$B18)>0,"X","") | H18: =IF(COUNTIFS(mapping!$B:$B,H$2,mapping!$D:$D,$B18)>0,"X","") | I18: =IF(COUNTIFS(mapping!$B:$B,I$2,mapping!$D:$D,$B18)>0,"X","") | J18: =IF(COUNTIFS(mapping!$B:$B,J$2,mapping!$D:$D,$B18)>0,"X","") | K18: =IF(COUNTIFS(mapping!$B:$B,K$2,mapping!$D:$D,$B18)>0,"X","") | L18: =IF(COUNTIFS(mapping!$B:$B,L$2,mapping!$D:$D,$B18)>0,"X","") | ... CH18: =IF(COUNTIFS(mapping!$B:$B,CH$2,mapping!$D:$D,$B18)>0,"X","")
B19: VS05 | C19: Meccanismi di autenticazione o identificazione utente insufficienti | E19: =IF(COUNTIFS(mapping!$B:$B,E$2,mapping!$D:$D,$B19)>0,"X","") | F19: =IF(COUNTIFS(mapping!$B:$B,F$2,mapping!$D:$D,$B19)>0,"X","") | G19: =IF(COUNTIFS(mapping!$B:$B,G$2,mapping!$D:$D,$B19)>0,"X","") | H19: =IF(COUNTIFS(mapping!$B:$B,H$2,mapping!$D:$D,$B19)>0,"X","") -> X | I19: =IF(COUNTIFS(mapping!$B:$B,I$2,mapping!$D:$D,$B19)>0,"X","") | J19: =IF(COUNTIFS(mapping!$B:$B,J$2,mapping!$D:$D,$B19)>0,"X","") | K19: =IF(COUNTIFS(mapping!$B:$B,K$2,mapping!$D:$D,$B19)>0,"X","") | L19: =IF(COUNTIFS(mapping!$B:$B,L$2,mapping!$D:$D,$B19)>0,"X","") | ... CH19: =IF(COUNTIFS(mapping!$B:$B,CH$2,mapping!$D:$D,$B19)>0,"X","")
B20: VS06 | C20: Assegnazione errata dei privilegi e dei diritti di accesso | E20: =IF(COUNTIFS(mapping!$B:$B,E$2,mapping!$D:$D,$B20)>0,"X","") | F20: =IF(COUNTIFS(mapping!$B:$B,F$2,mapping!$D:$D,$B20)>0,"X","") | G20: =IF(COUNTIFS(mapping!$B:$B,G$2,mapping!$D:$D,$B20)>0,"X","") | H20: =IF(COUNTIFS(mapping!$B:$B,H$2,mapping!$D:$D,$B20)>0,"X","") -> X | I20: =IF(COUNTIFS(mapping!$B:$B,I$2,mapping!$D:$D,$B20)>0,"X","") | J20: =IF(COUNTIFS(mapping!$B:$B,J$2,mapping!$D:$D,$B20)>0,"X","") | K20: =IF(COUNTIFS(mapping!$B:$B,K$2,mapping!$D:$D,$B20)>0,"X","") | L20: =IF(COUNTIFS(mapping!$B:$B,L$2,mapping!$D:$D,$B20)>0,"X","") | ... CH20: =IF(COUNTIFS(mapping!$B:$B,CH$2,mapping!$D:$D,$B20)>0,"X","")
B21: VS07 | C21: Credenziali, token o chiavi crittografiche archiviati in modo non sicuro | E21: =IF(COUNTIFS(mapping!$B:$B,E$2,mapping!$D:$D,$B21)>0,"X","") | F21: =IF(COUNTIFS(mapping!$B:$B,F$2,mapping!$D:$D,$B21)>0,"X","") | G21: =IF(COUNTIFS(mapping!$B:$B,G$2,mapping!$D:$D,$B21)>0,"X","") | H21: =IF(COUNTIFS(mapping!$B:$B,H$2,mapping!$D:$D,$B21)>0,"X","") -> X | I21: =IF(COUNTIFS(mapping!$B:$B,I$2,mapping!$D:$D,$B21)>0,"X","") | J21: =IF(COUNTIFS(mapping!$B:$B,J$2,mapping!$D:$D,$B21)>0,"X","") | K21: =IF(COUNTIFS(mapping!$B:$B,K$2,mapping!$D:$D,$B21)>0,"X","") | L21: =IF(COUNTIFS(mapping!$B:$B,L$2,mapping!$D:$D,$B21)>0,"X","") | ... CH21: =IF(COUNTIFS(mapping!$B:$B,CH$2,mapping!$D:$D,$B21)>0,"X","")
B22: VS08 | C22: Servizi, interfacce o porte non necessari abilitati | E22: =IF(COUNTIFS(mapping!$B:$B,E$2,mapping!$D:$D,$B22)>0,"X","") | F22: =IF(COUNTIFS(mapping!$B:$B,F$2,mapping!$D:$D,$B22)>0,"X","") | G22: =IF(COUNTIFS(mapping!$B:$B,G$2,mapping!$D:$D,$B22)>0,"X","") | H22: =IF(COUNTIFS(mapping!$B:$B,H$2,mapping!$D:$D,$B22)>0,"X","") | I22: =IF(COUNTIFS(mapping!$B:$B,I$2,mapping!$D:$D,$B22)>0,"X","") | J22: =IF(COUNTIFS(mapping!$B:$B,J$2,mapping!$D:$D,$B22)>0,"X","") | K22: =IF(COUNTIFS(mapping!$B:$B,K$2,mapping!$D:$D,$B22)>0,"X","") | L22: =IF(COUNTIFS(mapping!$B:$B,L$2,mapping!$D:$D,$B22)>0,"X","") | ... CH22: =IF(COUNTIFS(mapping!$B:$B,CH$2,mapping!$D:$D,$B22)>0,"X","")
B23: VS09 | C23: Configurazione insufficiente dei log o audit trail incompleti | E23: =IF(COUNTIFS(mapping!$B:$B,E$2,mapping!$D:$D,$B23)>0,"X","") | F23: =IF(COUNTIFS(mapping!$B:$B,F$2,mapping!$D:$D,$B23)>0,"X","") | G23: =IF(COUNTIFS(mapping!$B:$B,G$2,mapping!$D:$D,$B23)>0,"X","") | H23: =IF(COUNTIFS(mapping!$B:$B,H$2,mapping!$D:$D,$B23)>0,"X","") | I23: =IF(COUNTIFS(mapping!$B:$B,I$2,mapping!$D:$D,$B23)>0,"X","") | J23: =IF(COUNTIFS(mapping!$B:$B,J$2,mapping!$D:$D,$B23)>0,"X","") | K23: =IF(COUNTIFS(mapping!$B:$B,K$2,mapping!$D:$D,$B23)>0,"X","") | L23: =IF(COUNTIFS(mapping!$B:$B,L$2,mapping!$D:$D,$B23)>0,"X","") | ... CH23: =IF(COUNTIFS(mapping!$B:$B,CH$2,mapping!$D:$D,$B23)>0,"X","") -> X
B24: VS10 | C24: Distribuzione, rilascio o aggiornamento del software non controllato | E24: =IF(COUNTIFS(mapping!$B:$B,E$2,mapping!$D:$D,$B24)>0,"X","") | F24: =IF(COUNTIFS(mapping!$B:$B,F$2,mapping!$D:$D,$B24)>0,"X","") | G24: =IF(COUNTIFS(mapping!$B:$B,G$2,mapping!$D:$D,$B24)>0,"X","") -> X | H24: =IF(COUNTIFS(mapping!$B:$B,H$2,mapping!$D:$D,$B24)>0,"X","") | I24: =IF(COUNTIFS(mapping!$B:$B,I$2,mapping!$D:$D,$B24)>0,"X","") -> X | J24: =IF(COUNTIFS(mapping!$B:$B,J$2,mapping!$D:$D,$B24)>0,"X","") | K24: =IF(COUNTIFS(mapping!$B:$B,K$2,mapping!$D:$D,$B24)>0,"X","") | L24: =IF(COUNTIFS(mapping!$B:$B,L$2,mapping!$D:$D,$B24)>0,"X","") | ... CH24: =IF(COUNTIFS(mapping!$B:$B,CH$2,mapping!$D:$D,$B24)>0,"X","")
B25: VS11 | C25: Copie di backup di configurazioni, modelli o dati assenti, incomplete o non testate | E25: =IF(COUNTIFS(mapping!$B:$B,E$2,mapping!$D:$D,$B25)>0,"X","") -> X | F25: =IF(COUNTIFS(mapping!$B:$B,F$2,mapping!$D:$D,$B25)>0,"X","") | G25: =IF(COUNTIFS(mapping!$B:$B,G$2,mapping!$D:$D,$B25)>0,"X","") | H25: =IF(COUNTIFS(mapping!$B:$B,H$2,mapping!$D:$D,$B25)>0,"X","") | I25: =IF(COUNTIFS(mapping!$B:$B,I$2,mapping!$D:$D,$B25)>0,"X","") | J25: =IF(COUNTIFS(mapping!$B:$B,J$2,mapping!$D:$D,$B25)>0,"X","") | K25: =IF(COUNTIFS(mapping!$B:$B,K$2,mapping!$D:$D,$B25)>0,"X","") | L25: =IF(COUNTIFS(mapping!$B:$B,L$2,mapping!$D:$D,$B25)>0,"X","") | ... CH25: =IF(COUNTIFS(mapping!$B:$B,CH$2,mapping!$D:$D,$B25)>0,"X","")
B26: VS12 | C26: Documentazione tecnica o funzionale incompleta o non aggiornata | E26: =IF(COUNTIFS(mapping!$B:$B,E$2,mapping!$D:$D,$B26)>0,"X","") | F26: =IF(COUNTIFS(mapping!$B:$B,F$2,mapping!$D:$D,$B26)>0,"X","") -> X | G26: =IF(COUNTIFS(mapping!$B:$B,G$2,mapping!$D:$D,$B26)>0,"X","") -> X | H26: =IF(COUNTIFS(mapping!$B:$B,H$2,mapping!$D:$D,$B26)>0,"X","") | I26: =IF(COUNTIFS(mapping!$B:$B,I$2,mapping!$D:$D,$B26)>0,"X","") -> X | J26: =IF(COUNTIFS(mapping!$B:$B,J$2,mapping!$D:$D,$B26)>0,"X","") | K26: =IF(COUNTIFS(mapping!$B:$B,K$2,mapping!$D:$D,$B26)>0,"X","") | L26: =IF(COUNTIFS(mapping!$B:$B,L$2,mapping!$D:$D,$B26)>0,"X","") | ... CH26: =IF(COUNTIFS(mapping!$B:$B,CH$2,mapping!$D:$D,$B26)>0,"X","")
B27: VS13 | C27: Validazione insufficiente delle immagini, dei flussi video o degli altri dati in ingresso | E27: =IF(COUNTIFS(mapping!$B:$B,E$2,mapping!$D:$D,$B27)>0,"X","") | F27: =IF(COUNTIFS(mapping!$B:$B,F$2,mapping!$D:$D,$B27)>0,"X","") | G27: =IF(COUNTIFS(mapping!$B:$B,G$2,mapping!$D:$D,$B27)>0,"X","") | H27: =IF(COUNTIFS(mapping!$B:$B,H$2,mapping!$D:$D,$B27)>0,"X","") | I27: =IF(COUNTIFS(mapping!$B:$B,I$2,mapping!$D:$D,$B27)>0,"X","") | J27: =IF(COUNTIFS(mapping!$B:$B,J$2,mapping!$D:$D,$B27)>0,"X","") | K27: =IF(COUNTIFS(mapping!$B:$B,K$2,mapping!$D:$D,$B27)>0,"X","") | L27: =IF(COUNTIFS(mapping!$B:$B,L$2,mapping!$D:$D,$B27)>0,"X","") | ... CH27: =IF(COUNTIFS(mapping!$B:$B,CH$2,mapping!$D:$D,$B27)>0,"X","")
... B38: VS24 | C38: Integrità, autenticità o versionamento dei pesi del modello non adeguatamente protetti | E38: =IF(COUNTIFS(mapping!$B:$B,E$2,mapping!$D:$D,$B38)>0,"X","") | F38: =IF(COUNTIFS(mapping!$B:$B,F$2,mapping!$D:$D,$B38)>0,"X","") | G38: =IF(COUNTIFS(mapping!$B:$B,G$2,mapping!$D:$D,$B38)>0,"X","") | H38: =IF(COUNTIFS(mapping!$B:$B,H$2,mapping!$D:$D,$B38)>0,"X","") | I38: =IF(COUNTIFS(mapping!$B:$B,I$2,mapping!$D:$D,$B38)>0,"X","") | J38: =IF(COUNTIFS(mapping!$B:$B,J$2,mapping!$D:$D,$B38)>0,"X","") | K38: =IF(COUNTIFS(mapping!$B:$B,K$2,mapping!$D:$D,$B38)>0,"X","") | L38: =IF(COUNTIFS(mapping!$B:$B,L$2,mapping!$D:$D,$B38)>0,"X","") | ... CH38: =IF(COUNTIFS(mapping!$B:$B,CH$2,mapping!$D:$D,$B38)>0,"X","")
A39: Rete | B39: VN01 | C39: Flussi video o comunicazioni di servizio non cifrati | E39: =IF(COUNTIFS(mapping!$B:$B,E$2,mapping!$D:$D,$B39)>0,"X","") | F39: =IF(COUNTIFS(mapping!$B:$B,F$2,mapping!$D:$D,$B39)>0,"X","") | G39: =IF(COUNTIFS(mapping!$B:$B,G$2,mapping!$D:$D,$B39)>0,"X","") | H39: =IF(COUNTIFS(mapping!$B:$B,H$2,mapping!$D:$D,$B39)>0,"X","") | I39: =IF(COUNTIFS(mapping!$B:$B,I$2,mapping!$D:$D,$B39)>0,"X","") | J39: =IF(COUNTIFS(mapping!$B:$B,J$2,mapping!$D:$D,$B39)>0,"X","") | K39: =IF(COUNTIFS(mapping!$B:$B,K$2,mapping!$D:$D,$B39)>0,"X","") | L39: =IF(COUNTIFS(mapping!$B:$B,L$2,mapping!$D:$D,$B39)>0,"X","") | ... CH39: =IF(COUNTIFS(mapping!$B:$B,CH$2,mapping!$D:$D,$B39)>0,"X","")
B40: VN02 | C40: Autenticazione o autorizzazione debole per telecamere, dispositivi Edge o servizi di rete | E40: =IF(COUNTIFS(mapping!$B:$B,E$2,mapping!$D:$D,$B40)>0,"X","") | F40: =IF(COUNTIFS(mapping!$B:$B,F$2,mapping!$D:$D,$B40)>0,"X","") | G40: =IF(COUNTIFS(mapping!$B:$B,G$2,mapping!$D:$D,$B40)>0,"X","") | H40: =IF(COUNTIFS(mapping!$B:$B,H$2,mapping!$D:$D,$B40)>0,"X","") | I40: =IF(COUNTIFS(mapping!$B:$B,I$2,mapping!$D:$D,$B40)>0,"X","") | J40: =IF(COUNTIFS(mapping!$B:$B,J$2,mapping!$D:$D,$B40)>0,"X","") | K40: =IF(COUNTIFS(mapping!$B:$B,K$2,mapping!$D:$D,$B40)>0,"X","") | L40: =IF(COUNTIFS(mapping!$B:$B,L$2,mapping!$D:$D,$B40)>0,"X","") | ... CH40: =IF(COUNTIFS(mapping!$B:$B,CH$2,mapping!$D:$D,$B40)>0,"X","")
B41: VN03 | C41: Rete non segmentata tra telecamere, dispositivi Edge, sistemi centrali e altre zone | E41: =IF(COUNTIFS(mapping!$B:$B,E$2,mapping!$D:$D,$B41)>0,"X","") | F41: =IF(COUNTIFS(mapping!$B:$B,F$2,mapping!$D:$D,$B41)>0,"X","") | G41: =IF(COUNTIFS(mapping!$B:$B,G$2,mapping!$D:$D,$B41)>0,"X","") | H41: =IF(COUNTIFS(mapping!$B:$B,H$2,mapping!$D:$D,$B41)>0,"X","") | I41: =IF(COUNTIFS(mapping!$B:$B,I$2,mapping!$D:$D,$B41)>0,"X","") | J41: =IF(COUNTIFS(mapping!$B:$B,J$2,mapping!$D:$D,$B41)>0,"X","") | K41: =IF(COUNTIFS(mapping!$B:$B,K$2,mapping!$D:$D,$B41)>0,"X","") | L41: =IF(COUNTIFS(mapping!$B:$B,L$2,mapping!$D:$D,$B41)>0,"X","") | ... CH41: =IF(COUNTIFS(mapping!$B:$B,CH$2,mapping!$D:$D,$B41)>0,"X","")
B42: VN04 | C42: Connessioni verso sistemi centrali, servizi esterni o cloud non adeguatamente protette | E42: =IF(COUNTIFS(mapping!$B:$B,E$2,mapping!$D:$D,$B42)>0,"X","") | F42: =IF(COUNTIFS(mapping!$B:$B,F$2,mapping!$D:$D,$B42)>0,"X","") | G42: =IF(COUNTIFS(mapping!$B:$B,G$2,mapping!$D:$D,$B42)>0,"X","") | H42: =IF(COUNTIFS(mapping!$B:$B,H$2,mapping!$D:$D,$B42)>0,"X","") | I42: =IF(COUNTIFS(mapping!$B:$B,I$2,mapping!$D:$D,$B42)>0,"X","") | J42: =IF(COUNTIFS(mapping!$B:$B,J$2,mapping!$D:$D,$B42)>0,"X","") | K42: =IF(COUNTIFS(mapping!$B:$B,K$2,mapping!$D:$D,$B42)>0,"X","") | L42: =IF(COUNTIFS(mapping!$B:$B,L$2,mapping!$D:$D,$B42)>0,"X","") | ... CH42: =IF(COUNTIFS(mapping!$B:$B,CH$2,mapping!$D:$D,$B42)>0,"X","")
B43: VN05 | C43: Dipendenza da un unico apparato o collegamento di rete, senza alternative in caso di guasto | E43: =IF(COUNTIFS(mapping!$B:$B,E$2,mapping!$D:$D,$B43)>0,"X","") | F43: =IF(COUNTIFS(mapping!$B:$B,F$2,mapping!$D:$D,$B43)>0,"X","") | G43: =IF(COUNTIFS(mapping!$B:$B,G$2,mapping!$D:$D,$B43)>0,"X","") | H43: =IF(COUNTIFS(mapping!$B:$B,H$2,mapping!$D:$D,$B43)>0,"X","") | I43: =IF(COUNTIFS(mapping!$B:$B,I$2,mapping!$D:$D,$B43)>0,"X","") | J43: =IF(COUNTIFS(mapping!$B:$B,J$2,mapping!$D:$D,$B43)>0,"X","") | K43: =IF(COUNTIFS(mapping!$B:$B,K$2,mapping!$D:$D,$B43)>0,"X","") | L43: =IF(COUNTIFS(mapping!$B:$B,L$2,mapping!$D:$D,$B43)>0,"X","") | ... CH43: =IF(COUNTIFS(mapping!$B:$B,CH$2,mapping!$D:$D,$B43)>0,"X","")
B44: VN06 | C44: Monitoraggio di rete e rilevazione del traffico anomalo insufficienti | E44: =IF(COUNTIFS(mapping!$B:$B,E$2,mapping!$D:$D,$B44)>0,"X","") | F44: =IF(COUNTIFS(mapping!$B:$B,F$2,mapping!$D:$D,$B44)>0,"X","") | G44: =IF(COUNTIFS(mapping!$B:$B,G$2,mapping!$D:$D,$B44)>0,"X","") | H44: =IF(COUNTIFS(mapping!$B:$B,H$2,mapping!$D:$D,$B44)>0,"X","") | I44: =IF(COUNTIFS(mapping!$B:$B,I$2,mapping!$D:$D,$B44)>0,"X","") | J44: =IF(COUNTIFS(mapping!$B:$B,J$2,mapping!$D:$D,$B44)>0,"X","") | K44: =IF(COUNTIFS(mapping!$B:$B,K$2,mapping!$D:$D,$B44)>0,"X","") | L44: =IF(COUNTIFS(mapping!$B:$B,L$2,mapping!$D:$D,$B44)>0,"X","") | ... CH44: =IF(COUNTIFS(mapping!$B:$B,CH$2,mapping!$D:$D,$B44)>0,"X","")
B45: VN07 | C45: Protezione insufficiente contro intercettazione, replay o sostituzione del flusso video | E45: =IF(COUNTIFS(mapping!$B:$B,E$2,mapping!$D:$D,$B45)>0,"X","") | F45: =IF(COUNTIFS(mapping!$B:$B,F$2,mapping!$D:$D,$B45)>0,"X","") | G45: =IF(COUNTIFS(mapping!$B:$B,G$2,mapping!$D:$D,$B45)>0,"X","") | H45: =IF(COUNTIFS(mapping!$B:$B,H$2,mapping!$D:$D,$B45)>0,"X","") | I45: =IF(COUNTIFS(mapping!$B:$B,I$2,mapping!$D:$D,$B45)>0,"X","") | J45: =IF(COUNTIFS(mapping!$B:$B,J$2,mapping!$D:$D,$B45)>0,"X","") | K45: =IF(COUNTIFS(mapping!$B:$B,K$2,mapping!$D:$D,$B45)>0,"X","") | L45: =IF(COUNTIFS(mapping!$B:$B,L$2,mapping!$D:$D,$B45)>0,"X","") | ... CH45: =IF(COUNTIFS(mapping!$B:$B,CH$2,mapping!$D:$D,$B45)>0,"X","")
B46: VN08 | C46: Trasmissione di credenziali o informazioni sensibili in chiaro | E46: =IF(COUNTIFS(mapping!$B:$B,E$2,mapping!$D:$D,$B46)>0,"X","") | F46: =IF(COUNTIFS(mapping!$B:$B,F$2,mapping!$D:$D,$B46)>0,"X","") | G46: =IF(COUNTIFS(mapping!$B:$B,G$2,mapping!$D:$D,$B46)>0,"X","") | H46: =IF(COUNTIFS(mapping!$B:$B,H$2,mapping!$D:$D,$B46)>0,"X","") | I46: =IF(COUNTIFS(mapping!$B:$B,I$2,mapping!$D:$D,$B46)>0,"X","") | J46: =IF(COUNTIFS(mapping!$B:$B,J$2,mapping!$D:$D,$B46)>0,"X","") | K46: =IF(COUNTIFS(mapping!$B:$B,K$2,mapping!$D:$D,$B46)>0,"X","") | L46: =IF(COUNTIFS(mapping!$B:$B,L$2,mapping!$D:$D,$B46)>0,"X","") | ... CH46: =IF(COUNTIFS(mapping!$B:$B,CH$2,mapping!$D:$D,$B46)>0,"X","")
B47: VN09 | C47: Configurazioni o modifiche della rete non documentate e non controllate | E47: =IF(COUNTIFS(mapping!$B:$B,E$2,mapping!$D:$D,$B47)>0,"X","") | F47: =IF(COUNTIFS(mapping!$B:$B,F$2,mapping!$D:$D,$B47)>0,"X","") | G47: =IF(COUNTIFS(mapping!$B:$B,G$2,mapping!$D:$D,$B47)>0,"X","") | H47: =IF(COUNTIFS(mapping!$B:$B,H$2,mapping!$D:$D,$B47)>0,"X","") | I47: =IF(COUNTIFS(mapping!$B:$B,I$2,mapping!$D:$D,$B47)>0,"X","") | J47: =IF(COUNTIFS(mapping!$B:$B,J$2,mapping!$D:$D,$B47)>0,"X","") | K47: =IF(COUNTIFS(mapping!$B:$B,K$2,mapping!$D:$D,$B47)>0,"X","") | L47: =IF(COUNTIFS(mapping!$B:$B,L$2,mapping!$D:$D,$B47)>0,"X","") | ... CH47: =IF(COUNTIFS(mapping!$B:$B,CH$2,mapping!$D:$D,$B47)>0,"X","")
B48: VN10 | C48: Capacità, latenza o qualità del collegamento non monitorate rispetto ai requisiti operativi | E48: =IF(COUNTIFS(mapping!$B:$B,E$2,mapping!$D:$D,$B48)>0,"X","") | F48: =IF(COUNTIFS(mapping!$B:$B,F$2,mapping!$D:$D,$B48)>0,"X","") | G48: =IF(COUNTIFS(mapping!$B:$B,G$2,mapping!$D:$D,$B48)>0,"X","") | H48: =IF(COUNTIFS(mapping!$B:$B,H$2,mapping!$D:$D,$B48)>0,"X","") | I48: =IF(COUNTIFS(mapping!$B:$B,I$2,mapping!$D:$D,$B48)>0,"X","") | J48: =IF(COUNTIFS(mapping!$B:$B,J$2,mapping!$D:$D,$B48)>0,"X","") | K48: =IF(COUNTIFS(mapping!$B:$B,K$2,mapping!$D:$D,$B48)>0,"X","") | L48: =IF(COUNTIFS(mapping!$B:$B,L$2,mapping!$D:$D,$B48)>0,"X","") | ... CH48: =IF(COUNTIFS(mapping!$B:$B,CH$2,mapping!$D:$D,$B48)>0,"X","")
A49: Personale | B49: VP01 | C49: Carenza di personale con competenze adeguate sul sistema, sulla sicurezza o sui modelli di IA | E49: =IF(COUNTIFS(mapping!$B:$B,E$2,mapping!$D:$D,$B49)>0,"X","") | F49: =IF(COUNTIFS(mapping!$B:$B,F$2,mapping!$D:$D,$B49)>0,"X","") | G49: =IF(COUNTIFS(mapping!$B:$B,G$2,mapping!$D:$D,$B49)>0,"X","") | H49: =IF(COUNTIFS(mapping!$B:$B,H$2,mapping!$D:$D,$B49)>0,"X","") | I49: =IF(COUNTIFS(mapping!$B:$B,I$2,mapping!$D:$D,$B49)>0,"X","") | J49: =IF(COUNTIFS(mapping!$B:$B,J$2,mapping!$D:$D,$B49)>0,"X","") | K49: =IF(COUNTIFS(mapping!$B:$B,K$2,mapping!$D:$D,$B49)>0,"X","") | L49: =IF(COUNTIFS(mapping!$B:$B,L$2,mapping!$D:$D,$B49)>0,"X","") -> X | ... CH49: =IF(COUNTIFS(mapping!$B:$B,CH$2,mapping!$D:$D,$B49)>0,"X","")
B50: VP02 | C50: Formazione insufficiente sull’uso corretto di ISaAC e sulla gestione delle segnalazioni | E50: =IF(COUNTIFS(mapping!$B:$B,E$2,mapping!$D:$D,$B50)>0,"X","") | F50: =IF(COUNTIFS(mapping!$B:$B,F$2,mapping!$D:$D,$B50)>0,"X","") | G50: =IF(COUNTIFS(mapping!$B:$B,G$2,mapping!$D:$D,$B50)>0,"X","") | H50: =IF(COUNTIFS(mapping!$B:$B,H$2,mapping!$D:$D,$B50)>0,"X","") | I50: =IF(COUNTIFS(mapping!$B:$B,I$2,mapping!$D:$D,$B50)>0,"X","") | J50: =IF(COUNTIFS(mapping!$B:$B,J$2,mapping!$D:$D,$B50)>0,"X","") -> X | K50: =IF(COUNTIFS(mapping!$B:$B,K$2,mapping!$D:$D,$B50)>0,"X","") -> X | L50: =IF(COUNTIFS(mapping!$B:$B,L$2,mapping!$D:$D,$B50)>0,"X","") -> X | ... CH50: =IF(COUNTIFS(mapping!$B:$B,CH$2,mapping!$D:$D,$B50)>0,"X","")
B51: VP03 | C51: Errori nell’installazione, configurazione, manutenzione o utilizzo del sistema | E51: =IF(COUNTIFS(mapping!$B:$B,E$2,mapping!$D:$D,$B51)>0,"X","") | F51: =IF(COUNTIFS(mapping!$B:$B,F$2,mapping!$D:$D,$B51)>0,"X","") -> X | G51: =IF(COUNTIFS(mapping!$B:$B,G$2,mapping!$D:$D,$B51)>0,"X","") -> X | H51: =IF(COUNTIFS(mapping!$B:$B,H$2,mapping!$D:$D,$B51)>0,"X","") | I51: =IF(COUNTIFS(mapping!$B:$B,I$2,mapping!$D:$D,$B51)>0,"X","") -> X | J51: =IF(COUNTIFS(mapping!$B:$B,J$2,mapping!$D:$D,$B51)>0,"X","") | K51: =IF(COUNTIFS(mapping!$B:$B,K$2,mapping!$D:$D,$B51)>0,"X","") | L51: =IF(COUNTIFS(mapping!$B:$B,L$2,mapping!$D:$D,$B51)>0,"X","") | ... CH51: =IF(COUNTIFS(mapping!$B:$B,CH$2,mapping!$D:$D,$B51)>0,"X","")
B52: VP04 | C52: Monitoraggio o controllo insufficiente delle attività amministrative e privilegiate | E52: =IF(COUNTIFS(mapping!$B:$B,E$2,mapping!$D:$D,$B52)>0,"X","") | F52: =IF(COUNTIFS(mapping!$B:$B,F$2,mapping!$D:$D,$B52)>0,"X","") | G52: =IF(COUNTIFS(mapping!$B:$B,G$2,mapping!$D:$D,$B52)>0,"X","") | H52: =IF(COUNTIFS(mapping!$B:$B,H$2,mapping!$D:$D,$B52)>0,"X","") | I52: =IF(COUNTIFS(mapping!$B:$B,I$2,mapping!$D:$D,$B52)>0,"X","") | J52: =IF(COUNTIFS(mapping!$B:$B,J$2,mapping!$D:$D,$B52)>0,"X","") | K52: =IF(COUNTIFS(mapping!$B:$B,K$2,mapping!$D:$D,$B52)>0,"X","") | L52: =IF(COUNTIFS(mapping!$B:$B,L$2,mapping!$D:$D,$B52)>0,"X","") | ... CH52: =IF(COUNTIFS(mapping!$B:$B,CH$2,mapping!$D:$D,$B52)>0,"X","")
B53: VP05 | C53: Ruolo della supervisione umana non compreso o applicato in modo non uniforme | E53: =IF(COUNTIFS(mapping!$B:$B,E$2,mapping!$D:$D,$B53)>0,"X","") | F53: =IF(COUNTIFS(mapping!$B:$B,F$2,mapping!$D:$D,$B53)>0,"X","") | G53: =IF(COUNTIFS(mapping!$B:$B,G$2,mapping!$D:$D,$B53)>0,"X","") | H53: =IF(COUNTIFS(mapping!$B:$B,H$2,mapping!$D:$D,$B53)>0,"X","") | I53: =IF(COUNTIFS(mapping!$B:$B,I$2,mapping!$D:$D,$B53)>0,"X","") | J53: =IF(COUNTIFS(mapping!$B:$B,J$2,mapping!$D:$D,$B53)>0,"X","") | K53: =IF(COUNTIFS(mapping!$B:$B,K$2,mapping!$D:$D,$B53)>0,"X","") -> X | L53: =IF(COUNTIFS(mapping!$B:$B,L$2,mapping!$D:$D,$B53)>0,"X","") | ... CH53: =IF(COUNTIFS(mapping!$B:$B,CH$2,mapping!$D:$D,$B53)>0,"X","")
B54: VP06 | C54: Consapevolezza insufficiente in materia di sicurezza e protezione dei dati | E54: =IF(COUNTIFS(mapping!$B:$B,E$2,mapping!$D:$D,$B54)>0,"X","") | F54: =IF(COUNTIFS(mapping!$B:$B,F$2,mapping!$D:$D,$B54)>0,"X","") | G54: =IF(COUNTIFS(mapping!$B:$B,G$2,mapping!$D:$D,$B54)>0,"X","") | H54: =IF(COUNTIFS(mapping!$B:$B,H$2,mapping!$D:$D,$B54)>0,"X","") | I54: =IF(COUNTIFS(mapping!$B:$B,I$2,mapping!$D:$D,$B54)>0,"X","") | J54: =IF(COUNTIFS(mapping!$B:$B,J$2,mapping!$D:$D,$B54)>0,"X","") -> X | K54: =IF(COUNTIFS(mapping!$B:$B,K$2,mapping!$D:$D,$B54)>0,"X","") | L54: =IF(COUNTIFS(mapping!$B:$B,L$2,mapping!$D:$D,$B54)>0,"X","") -> X | ... CH54: =IF(COUNTIFS(mapping!$B:$B,CH$2,mapping!$D:$D,$B54)>0,"X","")
B55: VP07 | C55: Supervisione insufficiente di tecnici, consulenti o manutentori esterni | E55: =IF(COUNTIFS(mapping!$B:$B,E$2,mapping!$D:$D,$B55)>0,"X","") | F55: =IF(COUNTIFS(mapping!$B:$B,F$2,mapping!$D:$D,$B55)>0,"X","") | G55: =IF(COUNTIFS(mapping!$B:$B,G$2,mapping!$D:$D,$B55)>0,"X","") | H55: =IF(COUNTIFS(mapping!$B:$B,H$2,mapping!$D:$D,$B55)>0,"X","") | I55: =IF(COUNTIFS(mapping!$B:$B,I$2,mapping!$D:$D,$B55)>0,"X","") | J55: =IF(COUNTIFS(mapping!$B:$B,J$2,mapping!$D:$D,$B55)>0,"X","") | K55: =IF(COUNTIFS(mapping!$B:$B,K$2,mapping!$D:$D,$B55)>0,"X","") | L55: =IF(COUNTIFS(mapping!$B:$B,L$2,mapping!$D:$D,$B55)>0,"X","") | ... CH55: =IF(COUNTIFS(mapping!$B:$B,CH$2,mapping!$D:$D,$B55)>0,"X","")
B56: VP08 | C56: Segnalazione tardiva o assente di anomalie, errori del modello e incidenti | E56: =IF(COUNTIFS(mapping!$B:$B,E$2,mapping!$D:$D,$B56)>0,"X","") | F56: =IF(COUNTIFS(mapping!$B:$B,F$2,mapping!$D:$D,$B56)>0,"X","") | G56: =IF(COUNTIFS(mapping!$B:$B,G$2,mapping!$D:$D,$B56)>0,"X","") | H56: =IF(COUNTIFS(mapping!$B:$B,H$2,mapping!$D:$D,$B56)>0,"X","") | I56: =IF(COUNTIFS(mapping!$B:$B,I$2,mapping!$D:$D,$B56)>0,"X","") | J56: =IF(COUNTIFS(mapping!$B:$B,J$2,mapping!$D:$D,$B56)>0,"X","") | K56: =IF(COUNTIFS(mapping!$B:$B,K$2,mapping!$D:$D,$B56)>0,"X","") -> X | L56: =IF(COUNTIFS(mapping!$B:$B,L$2,mapping!$D:$D,$B56)>0,"X","") | ... CH56: =IF(COUNTIFS(mapping!$B:$B,CH$2,mapping!$D:$D,$B56)>0,"X","") -> X
A57: Siti | B57: VSI01 | C57: Controlli di accesso fisico inadeguati nelle aree che ospitano telecamere, dispositivi Edge o apparati di rete | E57: =IF(COUNTIFS(mapping!$B:$B,E$2,mapping!$D:$D,$B57)>0,"X","") | F57: =IF(COUNTIFS(mapping!$B:$B,F$2,mapping!$D:$D,$B57)>0,"X","") | G57: =IF(COUNTIFS(mapping!$B:$B,G$2,mapping!$D:$D,$B57)>0,"X","") | H57: =IF(COUNTIFS(mapping!$B:$B,H$2,mapping!$D:$D,$B57)>0,"X","") | I57: =IF(COUNTIFS(mapping!$B:$B,I$2,mapping!$D:$D,$B57)>0,"X","") | J57: =IF(COUNTIFS(mapping!$B:$B,J$2,mapping!$D:$D,$B57)>0,"X","") | K57: =IF(COUNTIFS(mapping!$B:$B,K$2,mapping!$D:$D,$B57)>0,"X","") | L57: =IF(COUNTIFS(mapping!$B:$B,L$2,mapping!$D:$D,$B57)>0,"X","") | ... CH57: =IF(COUNTIFS(mapping!$B:$B,CH$2,mapping!$D:$D,$B57)>0,"X","")
B58: VSI02 | C58: Installazione delle apparecchiature in aree esposte a rischi ambientali non adeguatamente valutati | E58: =IF(COUNTIFS(mapping!$B:$B,E$2,mapping!$D:$D,$B58)>0,"X","") | F58: =IF(COUNTIFS(mapping!$B:$B,F$2,mapping!$D:$D,$B58)>0,"X","") | G58: =IF(COUNTIFS(mapping!$B:$B,G$2,mapping!$D:$D,$B58)>0,"X","") | H58: =IF(COUNTIFS(mapping!$B:$B,H$2,mapping!$D:$D,$B58)>0,"X","") | I58: =IF(COUNTIFS(mapping!$B:$B,I$2,mapping!$D:$D,$B58)>0,"X","") | J58: =IF(COUNTIFS(mapping!$B:$B,J$2,mapping!$D:$D,$B58)>0,"X","") | K58: =IF(COUNTIFS(mapping!$B:$B,K$2,mapping!$D:$D,$B58)>0,"X","") | L58: =IF(COUNTIFS(mapping!$B:$B,L$2,mapping!$D:$D,$B58)>0,"X","") | ... CH58: =IF(COUNTIFS(mapping!$B:$B,CH$2,mapping!$D:$D,$B58)>0,"X","")
B59: VSI03 | C59: Fornitura elettrica instabile o priva di adeguata continuità | E59: =IF(COUNTIFS(mapping!$B:$B,E$2,mapping!$D:$D,$B59)>0,"X","") | F59: =IF(COUNTIFS(mapping!$B:$B,F$2,mapping!$D:$D,$B59)>0,"X","") | G59: =IF(COUNTIFS(mapping!$B:$B,G$2,mapping!$D:$D,$B59)>0,"X","") | H59: =IF(COUNTIFS(mapping!$B:$B,H$2,mapping!$D:$D,$B59)>0,"X","") | I59: =IF(COUNTIFS(mapping!$B:$B,I$2,mapping!$D:$D,$B59)>0,"X","") | J59: =IF(COUNTIFS(mapping!$B:$B,J$2,mapping!$D:$D,$B59)>0,"X","") | K59: =IF(COUNTIFS(mapping!$B:$B,K$2,mapping!$D:$D,$B59)>0,"X","") | L59: =IF(COUNTIFS(mapping!$B:$B,L$2,mapping!$D:$D,$B59)>0,"X","") | ... CH59: =IF(COUNTIFS(mapping!$B:$B,CH$2,mapping!$D:$D,$B59)>0,"X","")
B60: VSI04 | C60: Protezioni fisiche insufficienti per apparecchiature, armadi, porte o finestre | E60: =IF(COUNTIFS(mapping!$B:$B,E$2,mapping!$D:$D,$B60)>0,"X","") | F60: =IF(COUNTIFS(mapping!$B:$B,F$2,mapping!$D:$D,$B60)>0,"X","") | G60: =IF(COUNTIFS(mapping!$B:$B,G$2,mapping!$D:$D,$B60)>0,"X","") | H60: =IF(COUNTIFS(mapping!$B:$B,H$2,mapping!$D:$D,$B60)>0,"X","") | I60: =IF(COUNTIFS(mapping!$B:$B,I$2,mapping!$D:$D,$B60)>0,"X","") | J60: =IF(COUNTIFS(mapping!$B:$B,J$2,mapping!$D:$D,$B60)>0,"X","") | K60: =IF(COUNTIFS(mapping!$B:$B,K$2,mapping!$D:$D,$B60)>0,"X","") | L60: =IF(COUNTIFS(mapping!$B:$B,L$2,mapping!$D:$D,$B60)>0,"X","") | ... CH60: =IF(COUNTIFS(mapping!$B:$B,CH$2,mapping!$D:$D,$B60)>0,"X","")
B61: VSI05 | C61: Sistemi antincendio o di rilevazione ambientale assenti o insufficienti | E61: =IF(COUNTIFS(mapping!$B:$B,E$2,mapping!$D:$D,$B61)>0,"X","") | F61: =IF(COUNTIFS(mapping!$B:$B,F$2,mapping!$D:$D,$B61)>0,"X","") | G61: =IF(COUNTIFS(mapping!$B:$B,G$2,mapping!$D:$D,$B61)>0,"X","") | H61: =IF(COUNTIFS(mapping!$B:$B,H$2,mapping!$D:$D,$B61)>0,"X","") | I61: =IF(COUNTIFS(mapping!$B:$B,I$2,mapping!$D:$D,$B61)>0,"X","") | J61: =IF(COUNTIFS(mapping!$B:$B,J$2,mapping!$D:$D,$B61)>0,"X","") | K61: =IF(COUNTIFS(mapping!$B:$B,K$2,mapping!$D:$D,$B61)>0,"X","") | L61: =IF(COUNTIFS(mapping!$B:$B,L$2,mapping!$D:$D,$B61)>0,"X","") | ... CH61: =IF(COUNTIFS(mapping!$B:$B,CH$2,mapping!$D:$D,$B61)>0,"X","")
B62: VSI06 | C62: Accesso non controllato a locali tecnici o punti di installazione delle apparecchiature | E62: =IF(COUNTIFS(mapping!$B:$B,E$2,mapping!$D:$D,$B62)>0,"X","") | F62: =IF(COUNTIFS(mapping!$B:$B,F$2,mapping!$D:$D,$B62)>0,"X","") | G62: =IF(COUNTIFS(mapping!$B:$B,G$2,mapping!$D:$D,$B62)>0,"X","") | H62: =IF(COUNTIFS(mapping!$B:$B,H$2,mapping!$D:$D,$B62)>0,"X","") | I62: =IF(COUNTIFS(mapping!$B:$B,I$2,mapping!$D:$D,$B62)>0,"X","") | J62: =IF(COUNTIFS(mapping!$B:$B,J$2,mapping!$D:$D,$B62)>0,"X","") | K62: =IF(COUNTIFS(mapping!$B:$B,K$2,mapping!$D:$D,$B62)>0,"X","") | L62: =IF(COUNTIFS(mapping!$B:$B,L$2,mapping!$D:$D,$B62)>0,"X","") | ... CH62: =IF(COUNTIFS(mapping!$B:$B,CH$2,mapping!$D:$D,$B62)>0,"X","")
B63: VSI07 | C63: Piani di emergenza, ripristino o evacuazione non definiti o non testati | E63: =IF(COUNTIFS(mapping!$B:$B,E$2,mapping!$D:$D,$B63)>0,"X","") | F63: =IF(COUNTIFS(mapping!$B:$B,F$2,mapping!$D:$D,$B63)>0,"X","") | G63: =IF(COUNTIFS(mapping!$B:$B,G$2,mapping!$D:$D,$B63)>0,"X","") | H63: =IF(COUNTIFS(mapping!$B:$B,H$2,mapping!$D:$D,$B63)>0,"X","") | I63: =IF(COUNTIFS(mapping!$B:$B,I$2,mapping!$D:$D,$B63)>0,"X","") | J63: =IF(COUNTIFS(mapping!$B:$B,J$2,mapping!$D:$D,$B63)>0,"X","") | K63: =IF(COUNTIFS(mapping!$B:$B,K$2,mapping!$D:$D,$B63)>0,"X","") | L63: =IF(COUNTIFS(mapping!$B:$B,L$2,mapping!$D:$D,$B63)>0,"X","") | ... CH63: =IF(COUNTIFS(mapping!$B:$B,CH$2,mapping!$D:$D,$B63)>0,"X","")
A64: Organizzazione | B64: VO01 | C64: Ruoli e responsabilità per sicurezza, gestione del modello e supervisione umana non assegnati chiaramente | E64: =IF(COUNTIFS(mapping!$B:$B,E$2,mapping!$D:$D,$B64)>0,"X","") | F64: =IF(COUNTIFS(mapping!$B:$B,F$2,mapping!$D:$D,$B64)>0,"X","") | G64: =IF(COUNTIFS(mapping!$B:$B,G$2,mapping!$D:$D,$B64)>0,"X","") | H64: =IF(COUNTIFS(mapping!$B:$B,H$2,mapping!$D:$D,$B64)>0,"X","") | I64: =IF(COUNTIFS(mapping!$B:$B,I$2,mapping!$D:$D,$B64)>0,"X","") | J64: =IF(COUNTIFS(mapping!$B:$B,J$2,mapping!$D:$D,$B64)>0,"X","") | K64: =IF(COUNTIFS(mapping!$B:$B,K$2,mapping!$D:$D,$B64)>0,"X","") | L64: =IF(COUNTIFS(mapping!$B:$B,L$2,mapping!$D:$D,$B64)>0,"X","") | ... CH64: =IF(COUNTIFS(mapping!$B:$B,CH$2,mapping!$D:$D,$B64)>0,"X","")
B65: VO02 | C65: Procedure di abilitazione, modifica e revoca degli accessi non formalizzate o inefficaci | E65: =IF(COUNTIFS(mapping!$B:$B,E$2,mapping!$D:$D,$B65)>0,"X","") | F65: =IF(COUNTIFS(mapping!$B:$B,F$2,mapping!$D:$D,$B65)>0,"X","") | G65: =IF(COUNTIFS(mapping!$B:$B,G$2,mapping!$D:$D,$B65)>0,"X","") | H65: =IF(COUNTIFS(mapping!$B:$B,H$2,mapping!$D:$D,$B65)>0,"X","") -> X | I65: =IF(COUNTIFS(mapping!$B:$B,I$2,mapping!$D:$D,$B65)>0,"X","") | J65: =IF(COUNTIFS(mapping!$B:$B,J$2,mapping!$D:$D,$B65)>0,"X","") | K65: =IF(COUNTIFS(mapping!$B:$B,K$2,mapping!$D:$D,$B65)>0,"X","") | L65: =IF(COUNTIFS(mapping!$B:$B,L$2,mapping!$D:$D,$B65)>0,"X","") | ... CH65: =IF(COUNTIFS(mapping!$B:$B,CH$2,mapping!$D:$D,$B65)>0,"X","")
B66: VO03 | C66: Revisione periodica dei privilegi e degli account tecnici assente o insufficiente | E66: =IF(COUNTIFS(mapping!$B:$B,E$2,mapping!$D:$D,$B66)>0,"X","") | F66: =IF(COUNTIFS(mapping!$B:$B,F$2,mapping!$D:$D,$B66)>0,"X","") | G66: =IF(COUNTIFS(mapping!$B:$B,G$2,mapping!$D:$D,$B66)>0,"X","") | H66: =IF(COUNTIFS(mapping!$B:$B,H$2,mapping!$D:$D,$B66)>0,"X","") -> X | I66: =IF(COUNTIFS(mapping!$B:$B,I$2,mapping!$D:$D,$B66)>0,"X","") | J66: =IF(COUNTIFS(mapping!$B:$B,J$2,mapping!$D:$D,$B66)>0,"X","") | K66: =IF(COUNTIFS(mapping!$B:$B,K$2,mapping!$D:$D,$B66)>0,"X","") | L66: =IF(COUNTIFS(mapping!$B:$B,L$2,mapping!$D:$D,$B66)>0,"X","") | ... CH66: =IF(COUNTIFS(mapping!$B:$B,CH$2,mapping!$D:$D,$B66)>0,"X","")
B67: VO04 | C67: Requisiti di sicurezza, privacy e gestione dell’IA insufficienti nei contratti con fornitori e terze parti | E67: =IF(COUNTIFS(mapping!$B:$B,E$2,mapping!$D:$D,$B67)>0,"X","") | F67: =IF(COUNTIFS(mapping!$B:$B,F$2,mapping!$D:$D,$B67)>0,"X","") | G67: =IF(COUNTIFS(mapping!$B:$B,G$2,mapping!$D:$D,$B67)>0,"X","") | H67: =IF(COUNTIFS(mapping!$B:$B,H$2,mapping!$D:$D,$B67)>0,"X","") | I67: =IF(COUNTIFS(mapping!$B:$B,I$2,mapping!$D:$D,$B67)>0,"X","") | J67: =IF(COUNTIFS(mapping!$B:$B,J$2,mapping!$D:$D,$B67)>0,"X","") | K67: =IF(COUNTIFS(mapping!$B:$B,K$2,mapping!$D:$D,$B67)>0,"X","") | L67: =IF(COUNTIFS(mapping!$B:$B,L$2,mapping!$D:$D,$B67)>0,"X","") | ... CH67: =IF(COUNTIFS(mapping!$B:$B,CH$2,mapping!$D:$D,$B67)>0,"X","")
B68: VO05 | C68: SLA, manutenzione e supporto dei componenti critici non adeguatamente definiti | E68: =IF(COUNTIFS(mapping!$B:$B,E$2,mapping!$D:$D,$B68)>0,"X","") | F68: =IF(COUNTIFS(mapping!$B:$B,F$2,mapping!$D:$D,$B68)>0,"X","") | G68: =IF(COUNTIFS(mapping!$B:$B,G$2,mapping!$D:$D,$B68)>0,"X","") | H68: =IF(COUNTIFS(mapping!$B:$B,H$2,mapping!$D:$D,$B68)>0,"X","") | I68: =IF(COUNTIFS(mapping!$B:$B,I$2,mapping!$D:$D,$B68)>0,"X","") | J68: =IF(COUNTIFS(mapping!$B:$B,J$2,mapping!$D:$D,$B68)>0,"X","") | K68: =IF(COUNTIFS(mapping!$B:$B,K$2,mapping!$D:$D,$B68)>0,"X","") | L68: =IF(COUNTIFS(mapping!$B:$B,L$2,mapping!$D:$D,$B68)>0,"X","") | ... CH68: =IF(COUNTIFS(mapping!$B:$B,CH$2,mapping!$D:$D,$B68)>0,"X","")
B69: VO06 | C69: Processo di gestione dei rischi non implementato, non aggiornato o non collegato ai cambiamenti di ISaAC | E69: =IF(COUNTIFS(mapping!$B:$B,E$2,mapping!$D:$D,$B69)>0,"X","") | F69: =IF(COUNTIFS(mapping!$B:$B,F$2,mapping!$D:$D,$B69)>0,"X","") | G69: =IF(COUNTIFS(mapping!$B:$B,G$2,mapping!$D:$D,$B69)>0,"X","") | H69: =IF(COUNTIFS(mapping!$B:$B,H$2,mapping!$D:$D,$B69)>0,"X","") | I69: =IF(COUNTIFS(mapping!$B:$B,I$2,mapping!$D:$D,$B69)>0,"X","") | J69: =IF(COUNTIFS(mapping!$B:$B,J$2,mapping!$D:$D,$B69)>0,"X","") | K69: =IF(COUNTIFS(mapping!$B:$B,K$2,mapping!$D:$D,$B69)>0,"X","") | L69: =IF(COUNTIFS(mapping!$B:$B,L$2,mapping!$D:$D,$B69)>0,"X","") | ... CH69: =IF(COUNTIFS(mapping!$B:$B,CH$2,mapping!$D:$D,$B69)>0,"X","")
B70: VO07 | C70: Audit periodici sul sistema e sui processi correlati assenti o insufficienti | E70: =IF(COUNTIFS(mapping!$B:$B,E$2,mapping!$D:$D,$B70)>0,"X","") | F70: =IF(COUNTIFS(mapping!$B:$B,F$2,mapping!$D:$D,$B70)>0,"X","") | G70: =IF(COUNTIFS(mapping!$B:$B,G$2,mapping!$D:$D,$B70)>0,"X","") | H70: =IF(COUNTIFS(mapping!$B:$B,H$2,mapping!$D:$D,$B70)>0,"X","") | I70: =IF(COUNTIFS(mapping!$B:$B,I$2,mapping!$D:$D,$B70)>0,"X","") | J70: =IF(COUNTIFS(mapping!$B:$B,J$2,mapping!$D:$D,$B70)>0,"X","") | K70: =IF(COUNTIFS(mapping!$B:$B,K$2,mapping!$D:$D,$B70)>0,"X","") | L70: =IF(COUNTIFS(mapping!$B:$B,L$2,mapping!$D:$D,$B70)>0,"X","") | ... CH70: =IF(COUNTIFS(mapping!$B:$B,CH$2,mapping!$D:$D,$B70)>0,"X","")
B71: VO08 | C71: Change management non formalizzato per software, modelli, dataset, soglie e configurazioni | E71: =IF(COUNTIFS(mapping!$B:$B,E$2,mapping!$D:$D,$B71)>0,"X","") | F71: =IF(COUNTIFS(mapping!$B:$B,F$2,mapping!$D:$D,$B71)>0,"X","") -> X | G71: =IF(COUNTIFS(mapping!$B:$B,G$2,mapping!$D:$D,$B71)>0,"X","") -> X | H71: =IF(COUNTIFS(mapping!$B:$B,H$2,mapping!$D:$D,$B71)>0,"X","") | I71: =IF(COUNTIFS(mapping!$B:$B,I$2,mapping!$D:$D,$B71)>0,"X","") -> X | J71: =IF(COUNTIFS(mapping!$B:$B,J$2,mapping!$D:$D,$B71)>0,"X","") | K71: =IF(COUNTIFS(mapping!$B:$B,K$2,mapping!$D:$D,$B71)>0,"X","") | L71: =IF(COUNTIFS(mapping!$B:$B,L$2,mapping!$D:$D,$B71)>0,"X","") | ... CH71: =IF(COUNTIFS(mapping!$B:$B,CH$2,mapping!$D:$D,$B71)>0,"X","")
B72: VO09 | C72: Piani di continuità operativa e ripristino non definiti, incompleti o non testati | E72: =IF(COUNTIFS(mapping!$B:$B,E$2,mapping!$D:$D,$B72)>0,"X","") -> X | F72: =IF(COUNTIFS(mapping!$B:$B,F$2,mapping!$D:$D,$B72)>0,"X","") | G72: =IF(COUNTIFS(mapping!$B:$B,G$2,mapping!$D:$D,$B72)>0,"X","") | H72: =IF(COUNTIFS(mapping!$B:$B,H$2,mapping!$D:$D,$B72)>0,"X","") | I72: =IF(COUNTIFS(mapping!$B:$B,I$2,mapping!$D:$D,$B72)>0,"X","") | J72: =IF(COUNTIFS(mapping!$B:$B,J$2,mapping!$D:$D,$B72)>0,"X","") | K72: =IF(COUNTIFS(mapping!$B:$B,K$2,mapping!$D:$D,$B72)>0,"X","") | L72: =IF(COUNTIFS(mapping!$B:$B,L$2,mapping!$D:$D,$B72)>0,"X","") | ... CH72: =IF(COUNTIFS(mapping!$B:$B,CH$2,mapping!$D:$D,$B72)>0,"X","")
B73: VO10 | C73: Procedure di gestione, escalation e comunicazione degli incidenti non adeguate | E73: =IF(COUNTIFS(mapping!$B:$B,E$2,mapping!$D:$D,$B73)>0,"X","") | F73: =IF(COUNTIFS(mapping!$B:$B,F$2,mapping!$D:$D,$B73)>0,"X","") | G73: =IF(COUNTIFS(mapping!$B:$B,G$2,mapping!$D:$D,$B73)>0,"X","") | H73: =IF(COUNTIFS(mapping!$B:$B,H$2,mapping!$D:$D,$B73)>0,"X","") | I73: =IF(COUNTIFS(mapping!$B:$B,I$2,mapping!$D:$D,$B73)>0,"X","") | J73: =IF(COUNTIFS(mapping!$B:$B,J$2,mapping!$D:$D,$B73)>0,"X","") | K73: =IF(COUNTIFS(mapping!$B:$B,K$2,mapping!$D:$D,$B73)>0,"X","") | L73: =IF(COUNTIFS(mapping!$B:$B,L$2,mapping!$D:$D,$B73)>0,"X","") | ... CH73: =IF(COUNTIFS(mapping!$B:$B,CH$2,mapping!$D:$D,$B73)>0,"X","") -> X
B74: VO11 | C74: Documentazione del ciclo di vita di ISaAC incompleta o non aggiornata | E74: =IF(COUNTIFS(mapping!$B:$B,E$2,mapping!$D:$D,$B74)>0,"X","") | F74: =IF(COUNTIFS(mapping!$B:$B,F$2,mapping!$D:$D,$B74)>0,"X","") | G74: =IF(COUNTIFS(mapping!$B:$B,G$2,mapping!$D:$D,$B74)>0,"X","") | H74: =IF(COUNTIFS(mapping!$B:$B,H$2,mapping!$D:$D,$B74)>0,"X","") | I74: =IF(COUNTIFS(mapping!$B:$B,I$2,mapping!$D:$D,$B74)>0,"X","") | J74: =IF(COUNTIFS(mapping!$B:$B,J$2,mapping!$D:$D,$B74)>0,"X","") | K74: =IF(COUNTIFS(mapping!$B:$B,K$2,mapping!$D:$D,$B74)>0,"X","") | L74: =IF(COUNTIFS(mapping!$B:$B,L$2,mapping!$D:$D,$B74)>0,"X","") | ... CH74: =IF(COUNTIFS(mapping!$B:$B,CH$2,mapping!$D:$D,$B74)>0,"X","")
B75: VO12 | C75: Criteri di selezione, approvazione e aggiornamento dei dataset non formalizzati | E75: =IF(COUNTIFS(mapping!$B:$B,E$2,mapping!$D:$D,$B75)>0,"X","") | F75: =IF(COUNTIFS(mapping!$B:$B,F$2,mapping!$D:$D,$B75)>0,"X","") | G75: =IF(COUNTIFS(mapping!$B:$B,G$2,mapping!$D:$D,$B75)>0,"X","") | H75: =IF(COUNTIFS(mapping!$B:$B,H$2,mapping!$D:$D,$B75)>0,"X","") | I75: =IF(COUNTIFS(mapping!$B:$B,I$2,mapping!$D:$D,$B75)>0,"X","") | J75: =IF(COUNTIFS(mapping!$B:$B,J$2,mapping!$D:$D,$B75)>0,"X","") | K75: =IF(COUNTIFS(mapping!$B:$B,K$2,mapping!$D:$D,$B75)>0,"X","") | L75: =IF(COUNTIFS(mapping!$B:$B,L$2,mapping!$D:$D,$B75)>0,"X","") | ... CH75: =IF(COUNTIFS(mapping!$B:$B,CH$2,mapping!$D:$D,$B75)>0,"X","")
B76: VO13 | C76: Tempi e modalità di conservazione o cancellazione di immagini e log non definiti | E76: =IF(COUNTIFS(mapping!$B:$B,E$2,mapping!$D:$D,$B76)>0,"X","") -> X | F76: =IF(COUNTIFS(mapping!$B:$B,F$2,mapping!$D:$D,$B76)>0,"X","") | G76: =IF(COUNTIFS(mapping!$B:$B,G$2,mapping!$D:$D,$B76)>0,"X","") | H76: =IF(COUNTIFS(mapping!$B:$B,H$2,mapping!$D:$D,$B76)>0,"X","") | I76: =IF(COUNTIFS(mapping!$B:$B,I$2,mapping!$D:$D,$B76)>0,"X","") | J76: =IF(COUNTIFS(mapping!$B:$B,J$2,mapping!$D:$D,$B76)>0,"X","") | K76: =IF(COUNTIFS(mapping!$B:$B,K$2,mapping!$D:$D,$B76)>0,"X","") | L76: =IF(COUNTIFS(mapping!$B:$B,L$2,mapping!$D:$D,$B76)>0,"X","") | ... CH76: =IF(COUNTIFS(mapping!$B:$B,CH$2,mapping!$D:$D,$B76)>0,"X","")
... B81: VO18 | C81: Modifiche del fornitore e dipendenze esterne non monitorate o valutate prima dell’adozione | E81: =IF(COUNTIFS(mapping!$B:$B,E$2,mapping!$D:$D,$B81)>0,"X","") | F81: =IF(COUNTIFS(mapping!$B:$B,F$2,mapping!$D:$D,$B81)>0,"X","") | G81: =IF(COUNTIFS(mapping!$B:$B,G$2,mapping!$D:$D,$B81)>0,"X","") | H81: =IF(COUNTIFS(mapping!$B:$B,H$2,mapping!$D:$D,$B81)>0,"X","") | I81: =IF(COUNTIFS(mapping!$B:$B,I$2,mapping!$D:$D,$B81)>0,"X","") | J81: =IF(COUNTIFS(mapping!$B:$B,J$2,mapping!$D:$D,$B81)>0,"X","") | K81: =IF(COUNTIFS(mapping!$B:$B,K$2,mapping!$D:$D,$B81)>0,"X","") | L81: =IF(COUNTIFS(mapping!$B:$B,L$2,mapping!$D:$D,$B81)>0,"X","") | ... CH81: =IF(COUNTIFS(mapping!$B:$B,CH$2,mapping!$D:$D,$B81)>0,"X","")
D82: CHECK | E82: {=SUMPRODUCT(--(E$5:E$81<>""))} -> 3 | F82: {=SUMPRODUCT(--(F$5:F$81<>""))} -> 5 | G82: {=SUMPRODUCT(--(G$5:G$81<>""))} -> 5 | H82: {=SUMPRODUCT(--(H$5:H$81<>""))} -> 5 | I82: {=SUMPRODUCT(--(I$5:I$81<>""))} -> 5 | J82: {=SUMPRODUCT(--(J$5:J$81<>""))} -> 4 | K82: {=SUMPRODUCT(--(K$5:K$81<>""))} -> 4 | L82: {=SUMPRODUCT(--(L$5:L$81<>""))} -> 3 | ... CH82: {=SUMPRODUCT(--(CH$5:CH$81<>""))} -> 3
D83: Peso Minaccia | E83: =IF(E82=0,0,IF(E82<=4,1,IF(E82<=8,2,3))) -> 1 | F83: =IF(F82=0,0,IF(F82<=4,1,IF(F82<=8,2,3))) -> 2 | G83: =IF(G82=0,0,IF(G82<=4,1,IF(G82<=8,2,3))) -> 2 | H83: =IF(H82=0,0,IF(H82<=4,1,IF(H82<=8,2,3))) -> 2 | I83: =IF(I82=0,0,IF(I82<=4,1,IF(I82<=8,2,3))) -> 2 | J83: =IF(J82=0,0,IF(J82<=4,1,IF(J82<=8,2,3))) -> 1 | K83: =IF(K82=0,0,IF(K82<=4,1,IF(K82<=8,2,3))) -> 1 | L83: =IF(L82=0,0,IF(L82<=4,1,IF(L82<=8,2,3))) -> 1 | ... CH83: =IF(CH82=0,0,IF(CH82<=4,1,IF(CH82<=8,2,3))) -> 1

Sheet LEGGENDA
A4: Foglio | B4: Contenuto
A6: Tabella | B6: Registro rischi principale: identificazione, valutazione inerente, controlli, rischio residuo, decisioni, KRI, piano di trattamento e stato.
A7: Controlli | B7: Anagrafica dei controlli collegati a ciascun rischio, con Copertura, Affidabilità, Efficacia, Ruolo, Peso e LM (livello di mitigazione) per rischio.
A8: Rischio residuo | B8: Motore di calcolo del rischio residuo: applica la strategia di trattamento e l'LM del foglio Controlli a P e I per ottenere Pr e Ir.
A9: Taratura controlli | B9: Documenta, per ogni rischio, come sono stati scelti Tipo, Ruolo, Copertura e Affidabilità di ciascun controllo. Collegato in formula al foglio Controlli.
A11: 2. Scale di valutazione (1–5)
A12: Valore | B12: P — Probabilità | C12: I — Impatto
A13: 1 | B13: Raro: evento non atteso nel ciclo di vita del sistema. | C13: Trascurabile: nessun effetto rilevante su sicurezza, servizio o conformità.
A14: 2 | B14: Improbabile: possibile ma non si è mai verificato. | C14: Minore: disagio operativo circoscritto, recupero rapido.
A15: 3 | B15: Possibile: può verificarsi in condizioni ordinarie. | C15: Moderato: degrado del servizio o non conformità sanabile.
A16: 4 | B16: Probabile: atteso almeno una volta nel periodo di riferimento. | C16: Grave: indisponibilità prolungata, violazione di obblighi, esposizione del lavoratore.
A17: 5 | B17: Molto probabile / ricorrente. | C17: Critico: danno alla persona, sanzione, perdita irreversibile di dati o di conformità.
A20: 3. Soglie di livello di rischio
A21: Punteggio | B21: Livello
A22: da 1 a 4 | B22: Basso
A23: da 5 a 9 | B23: Medio
A24: da 10 a 15 | B24: Alto
A25: da 16 a 25 | B25: Critico
A28: 4. Foglio Controlli — efficacia e peso dei controlli
A29: Campo | B29: Definizione | C29: Formula
A30: Copertura | B30: Quanta parte degli scenari del rischio il controllo intercetta | C30: 0,95 intercetta tutti gli scenari del rischio, nessuna lacuna identificabile | 0,85 intercetta lo scenario principale, con una lacuna dichiarata e circoscritta | 0,70 intercetta una parte prevalente degli scenari, con lacune rilevanti | 0,50 intercetta circa metà degli scenari, o solo in determinate condizioni | 0,30 intercetta una minoranza degli scenari | 0 non intercetta lo scenario, oppure controllo non ancora attivo. La lacuna che motiva il valore va dichiarata nel campo "Non copre" del foglio Taratura controlli.
A31: Affidabilità | B31: Quanto il controllo funziona come previsto quando serve | C31: 0,95 deterministico o proprietario dell'architettura | 0,85 automatico ma dipendente da configurazione e soglie | 0,70 procedurale con evidenza documentale | 0,50 dipende dall'attenzione o dalla decisione di una persona | 0,30 dipende dalla volontà di un terzo di segnalare o dichiarare.
A32: Efficacia | B32: Riduzione di rischio effettivamente prodotta dal singolo controllo. Formula: Efficacia = Copertura × Affidabilità. | C32: Efficacia = Copertura × Affidabilità
A33: Ruolo | B33: Peso relativo del controllo rispetto al rischio della riga. Criterio: se togliessi questo controllo, il rischio tornerebbe scoperto quasi come prima?
A34: Peso | B34: Punti attribuiti al Ruolo. La normalizzazione (divisione per la somma dei pesi del rischio) avviene nella formula LM.
A35: LM | B35: Livello di mitigazione del rischio: media PESATA dell'Efficacia di tutti i controlli collegati a quel rischio (0-1). Il peso di ciascun controllo deriva dal suo Ruolo tramite la colonna Peso (Primario = 3, Secondario = 2, Supporto = 1, Da implementare = 0). | C35: LM = SOMMA.PRODOTTO(Efficacia; Peso; (#Rischio = rischio)) / SOMMA.SE(#Rischio; rischio; Peso), incapsulata in SE.ERRORE(…;0) per i rischi privi di controlli — colonna J del foglio Controlli. Efficacia in colonna G, Peso in colonna I: nessuna colonna di appoggio.
A37: 5. Ruolo del controllo — criterio di assegnazione
A38: Ruolo | B38: Definizione
A39: Primario | B39: Bloccano, prevengono o mitigano direttamente il rischio specifico all'interno del flusso operativo.
A40: Secondario | B40: Rilevano i guasti, monitorano l'efficacia dei primari e garantiscono il ripristino o la correzione.
A41: Supporto | B41: Norme, processi amministrativi, governance e cultura che sostengono l'infrastruttura di controllo.
A42: Nessuno | B42: Nessun controllo in essere: non esiste alcun presidio applicabile al rischio. Peso = 0, LM = 0, il rischio residuo resta pari all'inerente e l'opzione di trattamento diventa il trasferimento.
A43: Da implementare | B43: Controllo previsto e già progettato, ma non ancora operativo. Copertura e Affidabilità restano indicate come stima attesa a fini di pianificazione, ma il Ruolo azzera il peso (0): il controllo non entra né al numeratore né al denominatore della media pesata, quindi non contribuisce all'LM. Va riportato al ruolo effettivo (Primario/Secondario/Supporto) solo quando è in esercizio e ne esiste evidenza. Corrisponde al Tipo di controllo «Non attivo» della §9. Attenzione: poiché il peso 0 esclude il controllo anche dal denominatore, marcare come «Da implementare» un presidio debole può far salire l'LM del rischio. È un effetto atteso della media pesata (l'LM misura l'efficacia dei soli controlli in esercizio) e va verificato sul rischio residuo dopo ogni modifica del Ruolo.
A44: 6. Caselle "Riduce P" / "Riduce I" (foglio Rischio residuo) e calcolo del rischio residuo
A45: Spunte | B45: Significato | C45: Effetto sul calcolo
A46: Solo P | B46: I controlli prevengono l'evento: riducono la probabilità che si verifichi. | C46: Pr = ARROTONDA.ECCESSO(MAX(1; P × (1 − LM))) ; Ir = I invariato
A47: Solo I | B47: I controlli non evitano l'evento ma ne limitano le conseguenze quando accade. | C47: Pr = P invariato ; Ir = ARROTONDA.ECCESSO(MAX(1; I × (1 − LM)))
A48: P e I | B48: Esistono controlli di prevenzione e di contenimento con peso paragonabile: si spuntano entrambe le caselle. | C48: Pr = ARROTONDA.ECCESSO(MAX(1; P × (1 − LM))) ; Ir = ARROTONDA.ECCESSO(MAX(1; I × (1 − LM))) — stesso LM, nessuno split
A49: Nessuna | B49: Nessun controllo diretto applicabile (LM = 0): si lasciano entrambe le caselle vuote. | C49: Pr = P ; Ir = I — il residuo resta pari all'inerente
A50: Nota | B50: Le due caselle risiedono nel foglio Rischio residuo (colonne G e H) e si compilano con una X scegliendola dall'elenco a discesa. Sono una variabile tecnica di calcolo, non una decisione di trattamento.
A51: Arrotondamento | B51: P e I sono scale ordinali a numeri interi: Pr e Ir sono arrotondati per ECCESSO (criterio prudenziale) e non possono scendere sotto 1. Una riduzione di livello viene riconosciuta solo quando è interamente conseguita: un LM che porta P da 3 a 2,1 lascia Pr = 3. La stessa regola si applica a Pr e Ir, così che il registro non riporti mai punteggi residui non interi.
A52: 7. Opzione di Trattamento (decisione finale, foglio Tabella)
A53: Opzione | B53: Quando si applica | C53: Significato
A54: Accettazione | B54: Livello residuo = Basso | C54: Il rischio è ritenuto sufficientemente contenuto così com'è.
A55: Mitigazione | B55: Livello residuo Medio / Alto / Critico ed esistono controlli applicabili (LM > 0) | C55: Occorre continuare a lavorare per ridurre il rischio.
A56: Trasferimento | B56: Livello residuo Medio / Alto / Critico e presidio non nella disponibilità diretta dell'organizzazione: nessun controllo applicabile (LM = 0) oppure responsabilità del presidio affidata formalmente a un altro soggetto (cliente, fornitore, terzo). | C56: La responsabilità è condivisa con o affidata a un terzo. Nella colonna Owner va indicato esplicitamente il soggetto destinatario del trasferimento (es. «Cliente», «Fornitore hardware»): non è richiesto un referente interno, perché il presidio non è nella disponibilità diretta dell'organizzazione. Il rischio resta APERTO fino alla formalizzazione contrattuale e alla verifica dell'efficacia del presidio trasferito, che si svolge alla frequenza indicata nella colonna Frequenza revisione.
A57: Nota | B57: L'opzione Trasferimento è assegnata automaticamente dalla formula quando LM = 0 (nessun controllo applicabile). Può essere indicata manualmente anche con LM > 0 quando la responsabilità del presidio è formalmente in capo a un altro soggetto — tipicamente obblighi che la normativa pone sul deployer — pur restando in essere controlli propri di supporto. In tal caso la cella è compilata a mano e la motivazione è riportata in nota sulla cella stessa.
A58: Nota | B58: L'opzione si decide soltanto dopo aver applicato l'effetto dei controlli, guardando esclusivamente il rischio residuo.
A59: 8. Stato del rischio (colonna Stato, foglio Tabella)
A60: Stato | B60: Significato
A61: CHIUSO | B61: Nessuna azione in corso: il rischio residuo è Basso e viene accettato.
A62: MONITORATO | B62: Controlli attivi e piano di trattamento in corso: il rischio resta sotto sorveglianza tramite KRI e frequenza di revisione.
A63: APERTO | B63: Il presidio non è nella disponibilità diretta dell'organizzazione: resta aperto fino alla formalizzazione e verifica del trasferimento.
A64: Nota | B64: Lo Stato deriva automaticamente dalla colonna Opzione di trattamento: non esiste più alcun elenco manuale di ID da aggiornare.
A65: Nota | B65: Nei rischi con livello residuo Basso e opzione Accettazione non si definiscono KRI né piano di trattamento: il presidio è ritenuto stabile e il monitoraggio si esaurisce nella revisione periodica prevista dalla colonna Frequenza revisione. Le colonne KRI e Piano di trattamento restano quindi volutamente vuote: non si tratta di una omissione. Se un rischio accettato torna a un livello residuo Medio o superiore, KRI e piano vanno definiti contestualmente. La stessa scelta si applica ai rischi con opzione Trasferimento e stato APERTO: il presidio non è nella disponibilità diretta dell'organizzazione, quindi non esiste un piano di trattamento interno da eseguire. Il "piano" coincide con la formalizzazione contrattuale del trasferimento verso il soggetto indicato nella colonna Owner e con la verifica dell'efficacia del presidio trasferito alla frequenza indicata; i KRI restano definiti perché servono a rilevare l'inefficacia del presidio altrui. La colonna Piano di trattamento è quindi volutamente vuota anche in questi casi.
A66: 9. Tipo di controllo (colonna B del foglio Taratura controlli) — serve a scegliere l'ancoraggio dell'Affidabilità
A67: Tipo | B67: Significato | C67: Effetto sulla taratura
A68: Tecnico / automatico | B68: Il controllo è eseguito dal sistema o è una proprietà dell'architettura (cifratura, hash, segmentazione, soglie, log). | C68: Affidabilità 0,95: nei casi coperti funziona sempre. 0,85 se dipende da configurazione o soglie da tarare.
A69: Procedurale | B69: Passaggio di processo eseguito da persone su procedura o checklist (collaudi, rilasci, verifiche periodiche, gate). | C69: Affidabilità 0,70: funziona se la procedura è seguita e lascia evidenza documentale.
A70: Umano | B70: L'esito dipende dall'attenzione o dal giudizio di una persona nel momento dell'evento (verifica umana, formazione, attestazioni). | C70: Affidabilità 0,50: dipende dall'attenzione o dalla decisione di una persona nel momento dell'evento. 0,30 se consiste in una dichiarazione resa da un terzo.
A71: Organizzativo / documentale | B71: Presidio di governo, documentazione, tracciabilità o raccolta segnalazioni: consente ricostruzione e miglioramento, non prevenzione. | C71: Affidabilità 0,70 se il presidio è formalizzato e documentato; 0,50 se dipende dall'osservazione di una persona; 0,30 se dipende dalla volontà di un terzo di segnalare o dichiarare.
A72: Contrattuale / design | B72: Obbligo contrattuale verso un terzo, oppure scelta di progetto che esclude il rischio alla radice. | C72: Affidabilità 0,85: obbligo esigibile e documentato, oppure proprietà del disegno del sistema.
A73: Non attivo | B73: Controllo previsto ma non ancora operativo. | C73: Copertura e Affidabilità restano come stima attesa, ma il Ruolo «Da implementare» azzera il peso: nessun effetto sull'LM.
A80: Soglia minima di confidenza | B80: 0.4
A81: Filtro di inerzia (frame consecutivi) | B81: 5

Sheet Taratura controlli
A1: Taratura dei controlli — come sono stati scelti Copertura, Affidabilità e Ruolo, rischio per rischio
A11: Controllo | B11: Tipo | C11: Ruolo | D11: Cop. | E11: Aff. | F11: Effic. | G11: COPERTURA — cosa intercetta e cosa no | H11: AFFIDABILITÀ — funziona come previsto quando serve? | I11: RUOLO
A12: ="RISCHIO "&Tabella!A2&" — "&Tabella!B2 -> RISCHIO 1 — DEV-CHANGE-INTEGRITY_ISO
A13: Versionamento dev | B13: Tecnico / automatico | C13: =Controlli!H2 -> Primario | D13: =Controlli!E2 -> 0.85 | E13: =Controlli!F2 -> 0.95 | F13: =Controlli!G2 -> 0.8075 | G13: ="Copre: Ogni modifica a codice, modelli, dataset e configurazioni passata dal repository. Non copre: Le modifiche fatte a mano direttamente in esercizio. → copertura "&TEXT(D13,"0%") -> Copre: Ogni modifica a codice, modelli, dataset e configurazioni passata dal repository. Non copre: Le modifiche fatte a mano direttamente in esercizio. → copertura 85% | H13: ="Su 10 casi in cui serve funziona ~"&ROUND(E13*10,0)&" volte su 10 ("&TEXT(E13,"0%")&"). "&IF(E13>=0.95,"Deterministico o proprietà dell'architettura: nei casi coperti funziona sempre",IF(E13>=0.85,"Automatico, ma dipende da configurazione e soglie tarate correttamente",IF(E13>=0.7,"Procedurale: funziona se la procedura è seguita, e lascia evidenza documentale",IF(E13>=0.5,"Dipende dall'attenzione o dalla decisione di una persona nel momento dell'evento","Dipende dalla volontà di un terzo di segnalare o dichiarare")))) -> Su 10 casi in cui serve funziona ~10 volte su 10 (95%). Deterministico o proprietà dell'architettura: nei casi coperti funziona sempre | I13: ="Blocca, previene o mitiga direttamente il rischio nel flusso operativo? → "&C13&CHAR(10)&"Se lo togliessi: Nessuna modifica sarebbe più reversibile: il rischio torna scoperto quasi come prima" -> Blocca, previene o mitiga direttamente il rischio nel flusso operativo? → Primario Se lo togliessi: Nessuna modifica sarebbe più reversibile: il rischio torna scoperto quasi come prima
A14: Rilascio controllato | B14: Procedurale | C14: =Controlli!H3 -> Primario | D14: =Controlli!E3 -> 0.85 | E14: =Controlli!F3 -> 0.7 | F14: =Controlli!G3 -> 0.595 | G14: ="Copre: Tutti i rilasci pianificati, con test, backup e rollback. Non copre: Gli interventi d'emergenza fuori processo. → copertura "&TEXT(D14,"0%") -> Copre: Tutti i rilasci pianificati, con test, backup e rollback. Non copre: Gli interventi d'emergenza fuori processo. → copertura 85% | H14: ="Su 10 casi in cui serve funziona ~"&ROUND(E14*10,0)&" volte su 10 ("&TEXT(E14,"0%")&"). "&IF(E14>=0.95,"Deterministico o proprietà dell'architettura: nei casi coperti funziona sempre",IF(E14>=0.85,"Automatico, ma dipende da configurazione e soglie tarate correttamente",IF(E14>=0.7,"Procedurale: funziona se la procedura è seguita, e lascia evidenza documentale",IF(E14>=0.5,"Dipende dall'attenzione o dalla decisione di una persona nel momento dell'evento","Dipende dalla volontà di un terzo di segnalare o dichiarare")))) -> Su 10 casi in cui serve funziona ~7 volte su 10 (70%). Procedurale: funziona se la procedura è seguita, e lascia evidenza documentale | I14: ="Blocca, previene o mitiga direttamente il rischio nel flusso operativo? → "&C14&CHAR(10)&"Se lo togliessi: Le modifiche entrerebbero in esercizio senza test, backup né rollback" -> Blocca, previene o mitiga direttamente il rischio nel flusso operativo? → Primario Se lo togliessi: Le modifiche entrerebbero in esercizio senza test, backup né rollback
A15: Hash modello | B15: Tecnico / automatico | C15: =Controlli!H4 -> Secondario | D15: =Controlli!E4 -> 0.95 | E15: =Controlli!F4 -> 0.95 | F15: =Controlli!G4 -> 0.9025 | G15: ="Copre: Qualunque alterazione del modello rilasciato. Non copre: Le modifiche autorizzate ma sbagliate. → copertura "&TEXT(D15,"0%") -> Copre: Qualunque alterazione del modello rilasciato. Non copre: Le modifiche autorizzate ma sbagliate. → copertura 95% | H15: ="Su 10 casi in cui serve funziona ~"&ROUND(E15*10,0)&" volte su 10 ("&TEXT(E15,"0%")&"). "&IF(E15>=0.95,"Deterministico o proprietà dell'architettura: nei casi coperti funziona sempre",IF(E15>=0.85,"Automatico, ma dipende da configurazione e soglie tarate correttamente",IF(E15>=0.7,"Procedurale: funziona se la procedura è seguita, e lascia evidenza documentale",IF(E15>=0.5,"Dipende dall'attenzione o dalla decisione di una persona nel momento dell'evento","Dipende dalla volontà di un terzo di segnalare o dichiarare")))) -> Su 10 casi in cui serve funziona ~10 volte su 10 (95%). Deterministico o proprietà dell'architettura: nei casi coperti funziona sempre | I15: ="Rileva i guasti, monitora l'efficacia dei primari, garantisce ripristino o correzione? → "&C15&CHAR(10)&"Se lo togliessi: L'alterazione del modello resterebbe invisibile, ma il processo di rilascio regge" -> Rileva i guasti, monitora l'efficacia dei primari, garantisce ripristino o correzione? → Secondario Se lo togliessi: L'alterazione del modello resterebbe invisibile, ma il processo di rilascio regge
A16: Collaudo pre-rilascio | B16: Procedurale | C16: =Controlli!H5 -> Secondario | D16: =Controlli!E5 -> 0.7 | E16: =Controlli!F5 -> 0.7 | F16: =Controlli!G5 -> 0.49 | G16: ="Copre: Gli errori che si riproducono in ambiente di test. Non copre: Gli errori che emergono solo in condizioni reali. → copertura "&TEXT(D16,"0%") -> Copre: Gli errori che si riproducono in ambiente di test. Non copre: Gli errori che emergono solo in condizioni reali. → copertura 70% | H16: ="Su 10 casi in cui serve funziona ~"&ROUND(E16*10,0)&" volte su 10 ("&TEXT(E16,"0%")&"). "&IF(E16>=0.95,"Deterministico o proprietà dell'architettura: nei casi coperti funziona sempre",IF(E16>=0.85,"Automatico, ma dipende da configurazione e soglie tarate correttamente",IF(E16>=0.7,"Procedurale: funziona se la procedura è seguita, e lascia evidenza documentale",IF(E16>=0.5,"Dipende dall'attenzione o dalla decisione di una persona nel momento dell'evento","Dipende dalla volontà di un terzo di segnalare o dichiarare")))) -> Su 10 casi in cui serve funziona ~7 volte su 10 (70%). Procedurale: funziona se la procedura è seguita, e lascia evidenza documentale | I16: ="Rileva i guasti, monitora l'efficacia dei primari, garantisce ripristino o correzione? → "&C16&CHAR(10) -> Rileva i guasti, monitora l'efficacia dei primari, garantisce ripristino o correzione? → Secondario
A17: ="RISCHIO "&Tabella!A3&" — "&Tabella!B3 -> RISCHIO 2 — DEV-SCALABILITY-LATENCY
A18: Architettura Edge+Core | B18: Tecnico / automatico | C18: =Controlli!H6 -> Primario | D18: =Controlli!E6 -> 0.85 | E18: =Controlli!F6 -> 0.95 | F18: =Controlli!G6 -> 0.8075 | G18: ="Copre: Latenza e consumo di banda, risolti dall'elaborazione locale. Non copre: I limiti di capacità della componente Core. → copertura "&TEXT(D18,"0%") -> Copre: Latenza e consumo di banda, risolti dall'elaborazione locale. Non copre: I limiti di capacità della componente Core. → copertura 85% | H18: ="Su 10 casi in cui serve funziona ~"&ROUND(E18*10,0)&" volte su 10 ("&TEXT(E18,"0%")&"). "&IF(E18>=0.95,"Deterministico o proprietà dell'architettura: nei casi coperti funziona sempre",IF(E18>=0.85,"Automatico, ma dipende da configurazione e soglie tarate correttamente",IF(E18>=0.7,"Procedurale: funziona se la procedura è seguita, e lascia evidenza documentale",IF(E18>=0.5,"Dipende dall'attenzione o dalla decisione di una persona nel momento dell'evento","Dipende dalla volontà di un terzo di segnalare o dichiarare")))) -> Su 10 casi in cui serve funziona ~10 volte su 10 (95%). Deterministico o proprietà dell'architettura: nei casi coperti funziona sempre | I18: ="Blocca, previene o mitiga direttamente il rischio nel flusso operativo? → "&C18&CHAR(10)&"Se lo togliessi: La latenza tornerebbe tutta a carico della rete: rischio scoperto" -> Blocca, previene o mitiga direttamente il rischio nel flusso operativo? → Primario Se lo togliessi: La latenza tornerebbe tutta a carico della rete: rischio scoperto
A19: Monitoraggio prestazioni | B19: Tecnico / automatico | C19: =Controlli!H7 -> Secondario | D19: =Controlli!E7 -> 0.7 | E19: =Controlli!F7 -> 0.85 | F19: =Controlli!G7 -> 0.595 | G19: ="Copre: I degradi misurabili di prestazioni e latenza. Non copre: Il degrado che non supera le soglie impostate. → copertura "&TEXT(D19,"0%") -> Copre: I degradi misurabili di prestazioni e latenza. Non copre: Il degrado che non supera le soglie impostate. → copertura 70% | H19: ="Su 10 casi in cui serve funziona ~"&ROUND(E19*10,0)&" volte su 10 ("&TEXT(E19,"0%")&"). "&IF(E19>=0.95,"Deterministico o proprietà dell'architettura: nei casi coperti funziona sempre",IF(E19>=0.85,"Automatico, ma dipende da configurazione e soglie tarate correttamente",IF(E19>=0.7,"Procedurale: funziona se la procedura è seguita, e lascia evidenza documentale",IF(E19>=0.5,"Dipende dall'attenzione o dalla decisione di una persona nel momento dell'evento","Dipende dalla volontà di un terzo di segnalare o dichiarare")))) -> Su 10 casi in cui serve funziona ~9 volte su 10 (85%). Automatico, ma dipende da configurazione e soglie tarate correttamente | I19: ="Rileva i guasti, monitora l'efficacia dei primari, garantisce ripristino o correzione? → "&C19&CHAR(10)&"Se lo togliessi: Il degrado non verrebbe rilevato, ma l'architettura continua a contenerlo" -> Rileva i guasti, monitora l'efficacia dei primari, garantisce ripristino o correzione? → Secondario Se lo togliessi: Il degrado non verrebbe rilevato, ma l'architettura continua a contenerlo
A20: ="RISCHIO "&Tabella!A4&" — "&Tabella!B4 -> RISCHIO 3 — DATA-DATASET-POISONING
A21: Retraining non automatico | B21: Procedurale | C21: =Controlli!H8 -> Primario | D21: =Controlli!E8 -> 0.85 | E21: =Controlli!F8 -> 0.7 | F21: =Controlli!G8 -> 0.595 | G21: ="Copre: Ogni aggiornamento del modello, che richiede autorizzazione. Non copre: La contaminazione del dataset prima del gate. → copertura "&TEXT(D21,"0%") -> Copre: Ogni aggiornamento del modello, che richiede autorizzazione. Non copre: La contaminazione del dataset prima del gate. → copertura 85% | H21: ="Su 10 casi in cui serve funziona ~"&ROUND(E21*10,0)&" volte su 10 ("&TEXT(E21,"0%")&"). "&IF(E21>=0.95,"Deterministico o proprietà dell'architettura: nei casi coperti funziona sempre",IF(E21>=0.85,"Automatico, ma dipende da configurazione e soglie tarate correttamente",IF(E21>=0.7,"Procedurale: funziona se la procedura è seguita, e lascia evidenza documentale",IF(E21>=0.5,"Dipende dall'attenzione o dalla decisione di una persona nel momento dell'evento","Dipende dalla volontà di un terzo di segnalare o dichiarare")))) -> Su 10 casi in cui serve funziona ~7 volte su 10 (70%). Procedurale: funziona se la procedura è seguita, e lascia evidenza documentale | I21: ="Blocca, previene o mitiga direttamente il rischio nel flusso operativo? → "&C21&CHAR(10)&"Se lo togliessi: Dati avvelenati entrerebbero nel modello senza autorizzazione: rischio scoperto" -> Blocca, previene o mitiga direttamente il rischio nel flusso operativo? → Primario Se lo togliessi: Dati avvelenati entrerebbero nel modello senza autorizzazione: rischio scoperto
A22: Tracciabilità dati | B22: Organizzativo / documentale | C22: =Controlli!H9 -> Supporto | D22: =Controlli!E9 -> 0.7 | E22: =Controlli!F9 -> 0.7 | F22: =Controlli!G9 -> 0.49 | G22: =_xlfn._LONGTEXT("Copre: la ricostruzione a posteriori di origine, versione e utilizzo dei dati di addestramento, per individuare quando la contaminazione è entrata e a quale baseline tornare. Non copre: l'ingresso del dato contaminato, che avviene a monte e indipendente","mente dalla registrazione. → copertura ")&TEXT(D22,"0%") -> Copre: la ricostruzione a posteriori di origine, versione e utilizzo dei dati di addestramento, per individuare quando la contaminazione è entrata e a quale baseline tornare. Non copre: l'ingresso del dato contaminato, che avviene a monte e indipendentemente dalla registrazione. → copertura 70% | H22: Su 10 casi in cui serve funziona ~7 volte su 10 (70%). Organizzativo / documentale: il presidio è formalizzato e documentato, ma non previene l'evento | I22: ="Norma, processo amministrativo, governance o cultura che sostiene l'infrastruttura di controllo? → "&C22&CHAR(10)&"Se lo togliessi: Resta il gate umano; si perde solo la ricostruzione a posteriori" -> Norma, processo amministrativo, governance o cultura che sostiene l'infrastruttura di controllo? → Supporto Se lo togliessi: Resta il gate umano; si perde solo la ricostruzione a posteriori
A23: ="RISCHIO "&Tabella!A5&" — "&Tabella!B5 -> RISCHIO 4 — DATA-QUALITY-VALIDATION
A24: Dataset multi-fonte | B24: Tecnico / automatico | C24: =Controlli!H10 -> Primario | D24: =Controlli!E10 -> 0.7 | E24: =Controlli!F10 -> 0.95 | F24: =Controlli!G10 -> 0.665 | G24: ="Copre: La variabilità coperta da fonti e contesti diversi. Non copre: Le condizioni operative mai osservate. → copertura "&TEXT(D24,"0%") -> Copre: La variabilità coperta da fonti e contesti diversi. Non copre: Le condizioni operative mai osservate. → copertura 70% | H24: ="Su 10 casi in cui serve funziona ~"&ROUND(E24*10,0)&" volte su 10 ("&TEXT(E24,"0%")&"). "&IF(E24>=0.95,"Deterministico o proprietà dell'architettura: nei casi coperti funziona sempre",IF(E24>=0.85,"Automatico, ma dipende da configurazione e soglie tarate correttamente",IF(E24>=0.7,"Procedurale: funziona se la procedura è seguita, e lascia evidenza documentale",IF(E24>=0.5,"Dipende dall'attenzione o dalla decisione di una persona nel momento dell'evento","Dipende dalla volontà di un terzo di segnalare o dichiarare")))) -> Su 10 casi in cui serve funziona ~10 volte su 10 (95%). Deterministico o proprietà dell'architettura: nei casi coperti funziona sempre | I24: ="Blocca, previene o mitiga direttamente il rischio nel flusso operativo? → "&C24&CHAR(10)&"Se lo togliessi: Il dataset tornerebbe monofonte: rischio scoperto quasi come prima" -> Blocca, previene o mitiga direttamente il rischio nel flusso operativo? → Primario Se lo togliessi: Il dataset tornerebbe monofonte: rischio scoperto quasi come prima
A25: Validazione test | B25: Procedurale | C25: =Controlli!H11 -> Secondario | D25: =Controlli!E11 -> 0.85 | E25: =Controlli!F11 -> 0.7 | F25: =Controlli!G11 -> 0.595 | G25: ="Copre: Tutti i modelli candidati, misurati sul dataset di test. Non copre: I difetti che il dataset di test non contiene. → copertura "&TEXT(D25,"0%") -> Copre: Tutti i modelli candidati, misurati sul dataset di test. Non copre: I difetti che il dataset di test non contiene. → copertura 85% | H25: Su 10 casi in cui serve funziona ~7 volte su 10 (70%). Procedurale: funziona se la procedura è seguita, e lascia evidenza documentale | I25: ="Rileva i guasti, monitora l'efficacia dei primari, garantisce ripristino o correzione? → "&C25&CHAR(10)&"Se lo togliessi: I difetti non verrebbero misurati, ma il gate sulle soglie resta" -> Rileva i guasti, monitora l'efficacia dei primari, garantisce ripristino o correzione? → Secondario Se lo togliessi: I difetti non verrebbero misurati, ma il gate sulle soglie resta
A26: Gate prestazioni minime | B26: Procedurale | C26: =Controlli!H12 -> Primario | D26: =Controlli!E12 -> 0.85 | E26: =Controlli!F12 -> 0.7 | F26: =Controlli!G12 -> 0.595 | G26: ="Copre: Tutti i rilasci: blocca quelli sotto soglia. Non copre: Il degrado che si manifesta dopo il rilascio. → copertura "&TEXT(D26,"0%") -> Copre: Tutti i rilasci: blocca quelli sotto soglia. Non copre: Il degrado che si manifesta dopo il rilascio. → copertura 85% | H26: Su 10 casi in cui serve funziona ~7 volte su 10 (70%). Procedurale bloccante: il gate funziona se la procedura di rilascio è seguita e lascia evidenza documentale delle soglie verificate | I26: ="Blocca, previene o mitiga direttamente il rischio nel flusso operativo? → "&C26&CHAR(10)&"Se lo togliessi: Diventerebbero possibili rilasci sotto le soglie minime: rischio scoperto" -> Blocca, previene o mitiga direttamente il rischio nel flusso operativo? → Primario Se lo togliessi: Diventerebbero possibili rilasci sotto le soglie minime: rischio scoperto
A27: ="RISCHIO "&Tabella!A6&" — "&Tabella!B6 -> RISCHIO 5 — IMP-SYSTEM-INTEGRATION-CONFIGURATION
A28: Installazione controllata | B28: Procedurale | C28: =Controlli!H13 -> Primario | D28: =Controlli!E13 -> 0.7 | E28: =Controlli!F13 -> 0.7 | F28: =Controlli!G13 -> 0.49 | G28: ="Copre: Configurazione iniziale e modifiche pianificate. Non copre: Gli interventi successivi non presidiati. → copertura "&TEXT(D28,"0%") -> Copre: Configurazione iniziale e modifiche pianificate. Non copre: Gli interventi successivi non presidiati. → copertura 70% | H28: ="Su 10 casi in cui serve funziona ~"&ROUND(E28*10,0)&" volte su 10 ("&TEXT(E28,"0%")&"). "&IF(E28>=0.95,"Deterministico o proprietà dell'architettura: nei casi coperti funziona sempre",IF(E28>=0.85,"Automatico, ma dipende da configurazione e soglie tarate correttamente",IF(E28>=0.7,"Procedurale: funziona se la procedura è seguita, e lascia evidenza documentale",IF(E28>=0.5,"Dipende dall'attenzione o dalla decisione di una persona nel momento dell'evento","Dipende dalla volontà di un terzo di segnalare o dichiarare")))) -> Su 10 casi in cui serve funziona ~7 volte su 10 (70%). Procedurale: funziona se la procedura è seguita, e lascia evidenza documentale | I28: ="Blocca, previene o mitiga direttamente il rischio nel flusso operativo? → "&C28&CHAR(10)&"Se lo togliessi: L'integrazione non sarebbe più governata: rischio scoperto" -> Blocca, previene o mitiga direttamente il rischio nel flusso operativo? → Primario Se lo togliessi: L'integrazione non sarebbe più governata: rischio scoperto
A29: Collaudo pre-rilascio | B29: Procedurale | C29: =Controlli!H14 -> Secondario | D29: =Controlli!E14 -> 0.7 | E29: =Controlli!F14 -> 0.7 | F29: =Controlli!G14 -> 0.49 | G29: ="Copre: Gli errori che si riproducono in ambiente di test. Non copre: Gli errori che emergono solo in condizioni reali. → copertura "&TEXT(D29,"0%") -> Copre: Gli errori che si riproducono in ambiente di test. Non copre: Gli errori che emergono solo in condizioni reali. → copertura 70% | H29: ="Su 10 casi in cui serve funziona ~"&ROUND(E29*10,0)&" volte su 10 ("&TEXT(E29,"0%")&"). "&IF(E29>=0.95,"Deterministico o proprietà dell'architettura: nei casi coperti funziona sempre",IF(E29>=0.85,"Automatico, ma dipende da configurazione e soglie tarate correttamente",IF(E29>=0.7,"Procedurale: funziona se la procedura è seguita, e lascia evidenza documentale",IF(E29>=0.5,"Dipende dall'attenzione o dalla decisione di una persona nel momento dell'evento","Dipende dalla volontà di un terzo di segnalare o dichiarare")))) -> Su 10 casi in cui serve funziona ~7 volte su 10 (70%). Procedurale: funziona se la procedura è seguita, e lascia evidenza documentale | I29: ="Rileva i guasti, monitora l'efficacia dei primari, garantisce ripristino o correzione? → "&C29&CHAR(10)&"Se lo togliessi: Nessuna verifica dell'esito, ma l'installazione resta controllata" -> Rileva i guasti, monitora l'efficacia dei primari, garantisce ripristino o correzione? → Secondario Se lo togliessi: Nessuna verifica dell'esito, ma l'installazione resta controllata
A30: Log eventi | B30: Tecnico / automatico | C30: =Controlli!H15 -> Secondario | D30: =Controlli!E15 -> 0.7 | E30: =Controlli!F15 -> 0.85 | F30: =Controlli!G15 -> 0.595 | G30: ="Copre: La registrazione degli eventi rilevanti. Non copre: L'evento in sé: rileva, non previene. → copertura "&TEXT(D30,"0%") -> Copre: La registrazione degli eventi rilevanti. Non copre: L'evento in sé: rileva, non previene. → copertura 70% | H30: ="Su 10 casi in cui serve funziona ~"&ROUND(E30*10,0)&" volte su 10 ("&TEXT(E30,"0%")&"). "&IF(E30>=0.95,"Deterministico o proprietà dell'architettura: nei casi coperti funziona sempre",IF(E30>=0.85,"Automatico, ma dipende da configurazione e soglie tarate correttamente",IF(E30>=0.7,"Procedurale: funziona se la procedura è seguita, e lascia evidenza documentale",IF(E30>=0.5,"Dipende dall'attenzione o dalla decisione di una persona nel momento dell'evento","Dipende dalla volontà di un terzo di segnalare o dichiarare")))) -> Su 10 casi in cui serve funziona ~9 volte su 10 (85%). Automatico, ma dipende da configurazione e soglie tarate correttamente | I30: ="Rileva i guasti, monitora l'efficacia dei primari, garantisce ripristino o correzione? → "&C30&CHAR(10)&"Se lo togliessi: Nessuna traccia dell'anomalia, ma i presidi operativi restano" -> Rileva i guasti, monitora l'efficacia dei primari, garantisce ripristino o correzione? → Secondario Se lo togliessi: Nessuna traccia dell'anomalia, ma i presidi operativi restano
A31: ="RISCHIO "&Tabella!A7&" — "&Tabella!B7 -> RISCHIO 6 — DATA-LOSS
